timestamp, mode, 1000 Cp, 1000 Rp, 1052.5 Cp, 1052.5 Rp, 1107.757 Cp, 1107.757 Rp, 1165.914 Cp, 1165.914 Rp, 1227.125 Cp, 1227.125 Rp, 1291.55 Cp, 1291.55 Rp, 1359.356 Cp, 1359.356 Rp, 1430.723 Cp, 1430.723 Rp, 1505.836 Cp, 1505.836 Rp, 1584.893 Cp, 1584.893 Rp, 1668.101 Cp, 1668.101 Rp, 1755.676 Cp, 1755.676 Rp, 1847.85 Cp, 1847.85 Rp, 1944.862 Cp, 1944.862 Rp, 2046.968 Cp, 2046.968 Rp, 2154.435 Cp, 2154.435 Rp, 2267.543 Cp, 2267.543 Rp, 2386.59 Cp, 2386.59 Rp, 2511.886 Cp, 2511.886 Rp, 2643.761 Cp, 2643.761 Rp, 2782.559 Cp, 2782.559 Rp, 2928.645 Cp, 2928.645 Rp, 3082.399 Cp, 3082.399 Rp, 3244.226 Cp, 3244.226 Rp, 3414.549 Cp, 3414.549 Rp, 3593.814 Cp, 3593.814 Rp, 3782.49 Cp, 3782.49 Rp, 3981.072 Cp, 3981.072 Rp, 4190.079 Cp, 4190.079 Rp, 4410.059 Cp, 4410.059 Rp, 4641.589 Cp, 4641.589 Rp, 4885.274 Cp, 4885.274 Rp, 5141.752 Cp, 5141.752 Rp, 5411.695 Cp, 5411.695 Rp, 5695.811 Cp, 5695.811 Rp, 5994.843 Cp, 5994.843 Rp, 6309.573 Cp, 6309.573 Rp, 6640.828 Cp, 6640.828 Rp, 6989.473 Cp, 6989.473 Rp, 7356.423 Cp, 7356.423 Rp, 7742.637 Cp, 7742.637 Rp, 8149.127 Cp, 8149.127 Rp, 8576.959 Cp, 8576.959 Rp, 9027.252 Cp, 9027.252 Rp, 9501.185 Cp, 9501.185 Rp, 10000 Cp, 10000 Rp, 10525.003 Cp, 10525.003 Rp, 11077.569 Cp, 11077.569 Rp, 11659.144 Cp, 11659.144 Rp, 12271.252 Cp, 12271.252 Rp, 12915.497 Cp, 12915.497 Rp, 13593.564 Cp, 13593.564 Rp, 14307.23 Cp, 14307.23 Rp, 15058.364 Cp, 15058.364 Rp, 15848.932 Cp, 15848.932 Rp, 16681.005 Cp, 16681.005 Rp, 17556.763 Cp, 17556.763 Rp, 18478.498 Cp, 18478.498 Rp, 19448.624 Cp, 19448.624 Rp, 20469.683 Cp, 20469.683 Rp, 21544.347 Cp, 21544.347 Rp, 22675.431 Cp, 22675.431 Rp, 23865.898 Cp, 23865.898 Rp, 25118.864 Cp, 25118.864 Rp, 26437.612 Cp, 26437.612 Rp, 27825.594 Cp, 27825.594 Rp, 29286.446 Cp, 29286.446 Rp, 30823.992 Cp, 30823.992 Rp, 32442.261 Cp, 32442.261 Rp, 34145.489 Cp, 34145.489 Rp, 35938.137 Cp, 35938.137 Rp, 37824.899 Cp, 37824.899 Rp, 39810.717 Cp, 39810.717 Rp, 41900.791 Cp, 41900.791 Rp, 44100.595 Cp, 44100.595 Rp, 46415.888 Cp, 46415.888 Rp, 48852.736 Cp, 48852.736 Rp, 51417.518 Cp, 51417.518 Rp, 54116.953 Cp, 54116.953 Rp, 56958.108 Cp, 56958.108 Rp, 59948.425 Cp, 59948.425 Rp, 63095.734 Cp, 63095.734 Rp, 66408.279 Cp, 66408.279 Rp, 69894.732 Cp, 69894.732 Rp, 73564.225 Cp, 73564.225 Rp, 77426.368 Cp, 77426.368 Rp, 81491.275 Cp, 81491.275 Rp, 85769.59 Cp, 85769.59 Rp, 90272.518 Cp, 90272.518 Rp, 95011.851 Cp, 95011.851 Rp, 100000 Cp, 100000 Rp, 105250.029 Cp, 105250.029 Rp, 110775.685 Cp, 110775.685 Rp, 116591.44 Cp, 116591.44 Rp, 122712.524 Cp, 122712.524 Rp, 129154.967 Cp, 129154.967 Rp, 135935.639 Cp, 135935.639 Rp, 143072.299 Cp, 143072.299 Rp, 150583.635 Cp, 150583.635 Rp, 158489.319 Cp, 158489.319 Rp, 166810.054 Cp, 166810.054 Rp, 175567.629 Cp, 175567.629 Rp, 184784.98 Cp, 184784.98 Rp, 194486.244 Cp, 194486.244 Rp, 204696.827 Cp, 204696.827 Rp, 215443.469 Cp, 215443.469 Rp, 226754.313 Cp, 226754.313 Rp, 238658.979 Cp, 238658.979 Rp, 251188.643 Cp, 251188.643 Rp, 264376.119 Cp, 264376.119 Rp, 278255.94 Cp, 278255.94 Rp, 292864.456 Cp, 292864.456 Rp, 308239.924 Cp, 308239.924 Rp, 324422.608 Cp, 324422.608 Rp, 341454.887 Cp, 341454.887 Rp, 359381.366 Cp, 359381.366 Rp, 378248.991 Cp, 378248.991 Rp, 398107.171 Cp, 398107.171 Rp, 419007.911 Cp, 419007.911 Rp, 441005.945 Cp, 441005.945 Rp, 464158.883 Cp, 464158.883 Rp, 488527.357 Cp, 488527.357 Rp, 514175.183 Cp, 514175.183 Rp, 541169.527 Cp, 541169.527 Rp, 569581.081 Cp, 569581.081 Rp, 599484.25 Cp, 599484.25 Rp, 630957.344 Cp, 630957.344 Rp, 664082.785 Cp, 664082.785 Rp, 698947.321 Cp, 698947.321 Rp, 735642.254 Cp, 735642.254 Rp, 774263.683 Cp, 774263.683 Rp, 814912.747 Cp, 814912.747 Rp, 857695.899 Cp, 857695.899 Rp, 902725.178 Cp, 902725.178 Rp, 950118.507 Cp, 950118.507 Rp, 1000000 Cp, 1000000 Rp
1781608993562, d:1-2, 3.69682E-12, 10037100, 3.72184E-12, 10105700, 3.67894E-12, 9842900, 3.46699E-12, 10213600, 3.84554E-12, 10261100, 3.75443E-12, 10202900, 3.94248E-12, 10218400, 3.7265E-12, 10339000, 3.8476E-12, 10276900, 4.02169E-12, 10120200, 4.16512E-12, 10316500, 3.98584E-12, 10227700, 3.98765E-12, 10201000, 4.24665E-12, 10264400, 4.05873E-12, 10118300, 4.0601E-12, 10300200, 3.94438E-12, 9936510, 4.07236E-12, 10034300, 4.06596E-12, 9989100, 4.06885E-12, 9956960, 4.04969E-12, 9853710, 4.07565E-12, 9808060, 4.05015E-12, 9764520, 4.01225E-12, 9614940, 4.02579E-12, 9706960, 3.95012E-12, 9617750, 3.98908E-12, 9524200, 3.96459E-12, 9495610, 3.95783E-12, 9475500, 3.94272E-12, 9416960, 3.91714E-12, 9346190, 3.90389E-12, 9328980, 3.88026E-12, 9268580, 3.8666E-12, 9258350, 3.85188E-12, 9195460, 3.83014E-12, 9196860, 3.80909E-12, 9191870, 3.79274E-12, 9107480, 3.7854E-12, 9058190, 3.77497E-12, 9055710, 3.7723E-12, 8997400, 3.75976E-12, 8986020, 3.74274E-12, 8981500, 3.73794E-12, 8961410, 3.7306E-12, 8904120, 3.71994E-12, 8896970, 3.70796E-12, 8873570, 3.70261E-12, 8870410, 3.69956E-12, 8831180, 3.69114E-12, 8816690, 3.68579E-12, 8804480, 3.67685E-12, 8797090, 3.66645E-12, 8742780, 3.66979E-12, 8691800, 3.6697E-12, 8649740, 3.65847E-12, 8673020, 3.65727E-12, 8610740, 3.65349E-12, 8632590, 3.6486E-12, 8643960, 3.64736E-12, 8591090, 3.63957E-12, 8705950, 3.63623E-12, 8551240, 3.63984E-12, 8517760, 3.62883E-12, 8444760, 3.63143E-12, 8461070, 3.62837E-12, 8446840, 3.62587E-12, 8382790, 3.62457E-12, 8345790, 3.62225E-12, 8277750, 3.61813E-12, 8290730, 3.6174E-12, 8234970, 3.6124E-12, 8191650, 3.60989E-12, 8224200, 3.60815E-12, 8130050, 3.61046E-12, 8093380, 3.60558E-12, 7990120, 3.6029E-12, 8028820, 3.60238E-12, 7972590, 3.59891E-12, 7910440, 3.59678E-12, 7905130, 3.59453E-12, 7742410, 3.59274E-12, 7857660, 3.59006E-12, 7698130, 3.58946E-12, 7717120, 3.58654E-12, 7679650, 3.58685E-12, 7554190, 3.58624E-12, 7576480, 3.58382E-12, 7579130, 3.58155E-12, 7481560, 3.58037E-12, 7378900, 3.57628E-12, 7328600, 3.57627E-12, 7381280, 3.57805E-12, 7238290, 3.57395E-12, 7143700, 3.5707E-12, 7169250, 3.57261E-12, 7065150, 3.57158E-12, 7086310, 3.56856E-12, 6986880, 3.56775E-12, 6951990, 3.56728E-12, 6864520, 3.56553E-12, 6796720, 3.5644E-12, 6683560, 3.56359E-12, 6652200, 3.56175E-12, 6581240, 3.56058E-12, 6525960, 3.55954E-12, 6472450, 3.55878E-12, 6382340, 3.55711E-12, 6322630, 3.55538E-12, 6248820, 3.55458E-12, 6137380, 3.55373E-12, 6103780, 3.55261E-12, 6025260, 3.55156E-12, 6035300, 3.55159E-12, 5916090, 3.54879E-12, 5791780, 3.54758E-12, 5763260, 3.5461E-12, 5636150, 3.54442E-12, 5574440, 3.54205E-12, 5534780, 3.54068E-12, 5483810, 3.53945E-12, 5447690, 3.53579E-12, 5591760, 3.53549E-12, 5539770, 3.53412E-12, 5646070, 3.53373E-12, 5848590, 3.53331E-12, 6174220, 3.53334E-12, 6312750, 3.53418E-12, 6653930, 3.5362E-12, 6668190, 3.53864E-12, 6525930, 3.53959E-12, 6305030, 3.54107E-12, 5968990, 3.53925E-12, 5487420, 3.53793E-12, 5065030, 3.53581E-12, 4729950, 3.5332E-12, 4256970
1781608999877, d:2-3, 4.20976E-12, 9801640, 4.31412E-12, 10200400, 4.26787E-12, 9992300, 4.50428E-12, 9949300, 4.36698E-12, 9979090, 4.32905E-12, 9974570, 4.4014E-12, 9987250, 4.36272E-12, 9931810, 4.45285E-12, 9967950, 4.48455E-12, 9986440, 4.46095E-12, 9784800, 4.54494E-12, 9884620, 4.38122E-12, 9815110, 4.31449E-12, 9616650, 4.47675E-12, 9746680, 4.45879E-12, 9763610, 4.44458E-12, 9863580, 4.40063E-12, 9706600, 4.46995E-12, 9485260, 4.33921E-12, 9421040, 4.37035E-12, 9503840, 4.3791E-12, 9469740, 4.34027E-12, 9385650, 4.32305E-12, 9347850, 4.35056E-12, 9223590, 4.27713E-12, 9251680, 4.2455E-12, 9204070, 4.22806E-12, 9168180, 4.20068E-12, 9127410, 4.19093E-12, 9074800, 4.16382E-12, 9036970, 4.13599E-12, 8991580, 4.11192E-12, 8970900, 4.0829E-12, 8881460, 4.07373E-12, 8872160, 4.05312E-12, 8848990, 4.03738E-12, 8819210, 4.0214E-12, 8796460, 4.00842E-12, 8770860, 3.98526E-12, 8749910, 3.98074E-12, 8702790, 3.97382E-12, 8747050, 3.96058E-12, 8702930, 3.94975E-12, 8677130, 3.93842E-12, 8640590, 3.93196E-12, 8632590, 3.9214E-12, 8616110, 3.91663E-12, 8603820, 3.91334E-12, 8577870, 3.90289E-12, 8555270, 3.89668E-12, 8538490, 3.89321E-12, 8510750, 3.88503E-12, 8510410, 3.90405E-12, 8500250, 3.87685E-12, 8526530, 3.87729E-12, 8518610, 3.87223E-12, 8457150, 3.86601E-12, 8401150, 3.86456E-12, 8371110, 3.86453E-12, 8419650, 3.87154E-12, 8313600, 3.86056E-12, 8306050, 3.85343E-12, 8314870, 3.84748E-12, 8287200, 3.84778E-12, 8214320, 3.84351E-12, 8186870, 3.84121E-12, 8178660, 3.83845E-12, 8113640, 3.83911E-12, 8066710, 3.8366E-12, 8034780, 3.8316E-12, 8004740, 3.8314E-12, 7999840, 3.82666E-12, 7960550, 3.82783E-12, 7907510, 3.81987E-12, 7820670, 3.82158E-12, 7822590, 3.82359E-12, 7793290, 3.81461E-12, 7689270, 3.81572E-12, 7645480, 3.8119E-12, 7619730, 3.8081E-12, 7545880, 3.80901E-12, 7582220, 3.80812E-12, 7416530, 3.80354E-12, 7468810, 3.80158E-12, 7328030, 3.80004E-12, 7271920, 3.79844E-12, 7190140, 3.7966E-12, 7239550, 3.79615E-12, 7102000, 3.79332E-12, 7022010, 3.79323E-12, 7016830, 3.78982E-12, 6994340, 3.7879E-12, 6914650, 3.7871E-12, 6777860, 3.7847E-12, 6791990, 3.78309E-12, 6808180, 3.78299E-12, 6630930, 3.77989E-12, 6555690, 3.77879E-12, 6552710, 3.77725E-12, 6420440, 3.77632E-12, 6391500, 3.77469E-12, 6277900, 3.77163E-12, 6225970, 3.77104E-12, 6109020, 3.77032E-12, 6081230, 3.76909E-12, 6012650, 3.76743E-12, 5936720, 3.76596E-12, 5868950, 3.76452E-12, 5774810, 3.76221E-12, 5748810, 3.76144E-12, 5592190, 3.76037E-12, 5549430, 3.75828E-12, 5470040, 3.75731E-12, 5426890, 3.75585E-12, 5297920, 3.75381E-12, 5198610, 3.75302E-12, 5112460, 3.75118E-12, 5085290, 3.74856E-12, 5015810, 3.74684E-12, 4976360, 3.74567E-12, 4936600, 3.74458E-12, 4877760, 3.7415E-12, 4975020, 3.74053E-12, 5039590, 3.73982E-12, 5174870, 3.73992E-12, 5307920, 3.74072E-12, 5415870, 3.74218E-12, 5343880, 3.7428E-12, 5329600, 3.74412E-12, 5164350, 3.74435E-12, 4904110, 3.74547E-12, 4673080, 3.74262E-12, 4359200, 3.74091E-12, 4058700, 3.73871E-12, 3898330, 3.73539E-12, 3717910
1781609006102, d:3-4, 3.11173E-12, 9870360, 3.32816E-12, 9729800, 3.45916E-12, 9740140, 3.57191E-12, 9844290, 3.69545E-12, 9885140, 3.70483E-12, 9854710, 3.84609E-12, 9908930, 3.96687E-12, 9934690, 3.92612E-12, 9860460, 4.01444E-12, 9851890, 3.89276E-12, 9548580, 4.09384E-12, 9881190, 3.9792E-12, 9564730, 4.19096E-12, 9780900, 4.23375E-12, 9744230, 4.16247E-12, 9755320, 4.21017E-12, 9735070, 4.17877E-12, 9483610, 4.23693E-12, 9650330, 4.20589E-12, 9579430, 4.20323E-12, 9558450, 4.13529E-12, 9383760, 4.18403E-12, 9473450, 4.17022E-12, 9402000, 4.1582E-12, 9378800, 4.1582E-12, 9349890, 4.20083E-12, 9348360, 4.07584E-12, 9329440, 4.11578E-12, 9179510, 4.10534E-12, 9179280, 4.11644E-12, 9101490, 4.07894E-12, 9113760, 4.06055E-12, 9077480, 4.02876E-12, 9033530, 4.02001E-12, 9008650, 4.01719E-12, 8991750, 3.99975E-12, 8991720, 3.99254E-12, 8963110, 3.98212E-12, 8940860, 3.96938E-12, 8909350, 3.96102E-12, 8916890, 3.95369E-12, 8864090, 3.94373E-12, 8887190, 3.93877E-12, 8867910, 3.93419E-12, 8856580, 3.93146E-12, 8873740, 3.92175E-12, 8831040, 3.91749E-12, 8810570, 3.90659E-12, 8816360, 3.9082E-12, 8802910, 3.90637E-12, 8795110, 3.90503E-12, 8771450, 3.89632E-12, 8773550, 3.8995E-12, 8729150, 3.90463E-12, 8562780, 3.89207E-12, 8696610, 3.88655E-12, 8718590, 3.88993E-12, 8711280, 3.88895E-12, 8661160, 3.88337E-12, 8642990, 3.88582E-12, 8698890, 3.8753E-12, 8576030, 3.88396E-12, 8568920, 3.8771E-12, 8539560, 3.87313E-12, 8523680, 3.87146E-12, 8506530, 3.87088E-12, 8458300, 3.87073E-12, 8454490, 3.86675E-12, 8351370, 3.86036E-12, 8436600, 3.87108E-12, 8299660, 3.86292E-12, 8308270, 3.85713E-12, 8256020, 3.85838E-12, 8149710, 3.85771E-12, 8175470, 3.85463E-12, 8067730, 3.8549E-12, 8110250, 3.85124E-12, 8047940, 3.85017E-12, 7972900, 3.84795E-12, 7904090, 3.84436E-12, 7913490, 3.84465E-12, 7772880, 3.84259E-12, 7565490, 3.84007E-12, 7768440, 3.8383E-12, 7645810, 3.8367E-12, 7632650, 3.83396E-12, 7623370, 3.83622E-12, 7569210, 3.83281E-12, 7402690, 3.83613E-12, 7396170, 3.83053E-12, 7317520, 3.82906E-12, 7247030, 3.82681E-12, 7207520, 3.82451E-12, 7097850, 3.82583E-12, 7086260, 3.82196E-12, 6977030, 3.82199E-12, 6955650, 3.82008E-12, 6897370, 3.81913E-12, 6762430, 3.8176E-12, 6719870, 3.81599E-12, 6644760, 3.81463E-12, 6571310, 3.81314E-12, 6591690, 3.81157E-12, 6397740, 3.81097E-12, 6343750, 3.80979E-12, 6258010, 3.80845E-12, 6172310, 3.8061E-12, 6077740, 3.80579E-12, 5980470, 3.80342E-12, 5909980, 3.80264E-12, 5790500, 3.80243E-12, 5708810, 3.80014E-12, 5705390, 3.79763E-12, 5636670, 3.79675E-12, 5491380, 3.79537E-12, 5421850, 3.79355E-12, 5295060, 3.79268E-12, 5311360, 3.79098E-12, 5215800, 3.78921E-12, 5221760, 3.78699E-12, 5165710, 3.78759E-12, 5353090, 3.78521E-12, 5231090, 3.78564E-12, 5301260, 3.78587E-12, 5318000, 3.78718E-12, 5328000, 3.78708E-12, 5160100, 3.78681E-12, 4986070, 3.78655E-12, 4787200, 3.78631E-12, 4618620, 3.78553E-12, 4383820, 3.78412E-12, 4088360, 3.78196E-12, 4026260, 3.78036E-12, 3803130, 3.77818E-12, 3669800, 3.77568E-12, 3690510
1781609012334, d:4-5, 3.39625E-12, 10032000, 3.66087E-12, 9920210, 3.99584E-12, 9900070, 3.57442E-12, 10014200, 3.7967E-12, 9888880, 3.75226E-12, 9814750, 3.97763E-12, 9924670, 3.8796E-12, 9848790, 4.10986E-12, 9873970, 4.04274E-12, 9962880, 4.08959E-12, 9758060, 4.14131E-12, 9856620, 4.20068E-12, 9797310, 4.19687E-12, 9804470, 4.28754E-12, 9772620, 4.34506E-12, 9925270, 4.34211E-12, 9541080, 4.27988E-12, 9658220, 4.2861E-12, 9608670, 4.2665E-12, 9569480, 4.25955E-12, 9592790, 4.25626E-12, 9555020, 4.25559E-12, 9486490, 4.30236E-12, 9442490, 4.22329E-12, 9390780, 4.21842E-12, 9236240, 4.18223E-12, 9280040, 4.17197E-12, 9257810, 4.16067E-12, 9215130, 4.15806E-12, 9211000, 4.13893E-12, 9157890, 4.12559E-12, 9129560, 4.11462E-12, 9110890, 4.07367E-12, 9075850, 4.08128E-12, 9064790, 4.06707E-12, 9016550, 4.067E-12, 8990340, 4.05229E-12, 8961830, 4.03037E-12, 8967900, 4.02445E-12, 8988620, 4.01463E-12, 8971930, 4.00865E-12, 8931270, 4.0015E-12, 8910430, 3.99595E-12, 8909220, 3.98565E-12, 8920880, 3.98514E-12, 8885390, 3.97675E-12, 8902130, 3.97387E-12, 8898020, 3.97048E-12, 8875390, 3.972E-12, 8837370, 3.96298E-12, 8836230, 3.95852E-12, 8859550, 3.95664E-12, 8833590, 3.95263E-12, 8845380, 3.95131E-12, 8781290, 3.95343E-12, 8814500, 3.95383E-12, 8796410, 3.95238E-12, 8764800, 3.95073E-12, 8742900, 3.94937E-12, 8729260, 3.95208E-12, 8739940, 3.94279E-12, 8730370, 3.94701E-12, 8709620, 3.94741E-12, 8691020, 3.94044E-12, 8611880, 3.94045E-12, 8561120, 3.93685E-12, 8542080, 3.93434E-12, 8562030, 3.9308E-12, 8489350, 3.93391E-12, 8473710, 3.91122E-12, 8907700, 3.9283E-12, 8346130, 3.92393E-12, 8327220, 3.92446E-12, 8269980, 3.92667E-12, 8265700, 3.92158E-12, 8217900, 3.91719E-12, 8150220, 3.91849E-12, 8136030, 3.91698E-12, 8080820, 3.91249E-12, 8063150, 3.91472E-12, 7954660, 3.91221E-12, 7887820, 3.90634E-12, 7864090, 3.91046E-12, 7810150, 3.9075E-12, 7764420, 3.90663E-12, 7695140, 3.90326E-12, 7690330, 3.90228E-12, 7594460, 3.90168E-12, 7502200, 3.89733E-12, 7527680, 3.89747E-12, 7394400, 3.89539E-12, 7380760, 3.89462E-12, 7271610, 3.89518E-12, 7180430, 3.89344E-12, 7185210, 3.893E-12, 7087750, 3.88954E-12, 7004950, 3.88787E-12, 6957280, 3.88727E-12, 6854630, 3.88511E-12, 6841360, 3.88467E-12, 6734800, 3.88311E-12, 6662120, 3.88178E-12, 6586980, 3.88022E-12, 6481210, 3.87855E-12, 6408380, 3.87784E-12, 6316640, 3.87654E-12, 6262060, 3.87499E-12, 6157890, 3.87527E-12, 6081460, 3.87317E-12, 5984490, 3.87158E-12, 5905420, 3.87027E-12, 5795300, 3.86858E-12, 5740330, 3.86508E-12, 5655440, 3.8658E-12, 5574400, 3.86394E-12, 5497610, 3.8617E-12, 5464020, 3.86083E-12, 5461460, 3.85966E-12, 5367560, 3.85864E-12, 5381530, 3.85768E-12, 5363010, 3.8584E-12, 5494330, 3.85741E-12, 5435200, 3.85843E-12, 5365820, 3.85819E-12, 5261730, 3.85785E-12, 5035070, 3.85799E-12, 4885950, 3.8566E-12, 4771220, 3.8561E-12, 4529930, 3.85484E-12, 4356040, 3.85389E-12, 4175590, 3.85209E-12, 4008820, 3.84989E-12, 3895090, 3.84837E-12, 3725920, 3.84638E-12, 3564440, 3.84528E-12, 3430950
1781609018593, d:5-6, 3.47795E-12, 9829380, 3.33566E-12, 9971520, 3.25632E-12, 10174100, 3.60533E-12, 10118000, 3.64522E-12, 10110800, 3.81647E-12, 10090300, 3.91293E-12, 10187200, 3.95427E-12, 9975040, 4.07507E-12, 10134400, 3.99886E-12, 9950430, 4.23525E-12, 10114100, 4.0512E-12, 10018800, 4.19728E-12, 10008900, 4.16758E-12, 9994050, 4.23557E-12, 10145700, 4.20897E-12, 9966410, 4.24403E-12, 9887730, 4.23787E-12, 9899130, 4.25397E-12, 9834210, 4.27632E-12, 9754710, 4.18075E-12, 9890550, 4.23853E-12, 9697750, 4.22947E-12, 9625720, 4.2229E-12, 9594190, 4.21734E-12, 9574040, 4.20688E-12, 9683710, 4.2043E-12, 9520080, 4.17565E-12, 9453530, 4.16614E-12, 9444880, 4.14586E-12, 9381200, 4.12731E-12, 9341020, 4.12785E-12, 9334130, 4.10445E-12, 9267370, 4.09961E-12, 9300400, 4.07101E-12, 9253600, 4.07248E-12, 9225640, 4.06068E-12, 9209950, 4.03682E-12, 9191220, 4.038E-12, 9166880, 4.03181E-12, 9150030, 4.02041E-12, 9130650, 4.02129E-12, 9134120, 4.01054E-12, 9100760, 4.01171E-12, 9140170, 4.00021E-12, 9098520, 3.99852E-12, 9109190, 3.99253E-12, 9056630, 3.98733E-12, 9065470, 3.98566E-12, 9081780, 3.98011E-12, 9043770, 3.97948E-12, 9052010, 3.97746E-12, 8981470, 3.9756E-12, 8987800, 3.97659E-12, 8888520, 3.97983E-12, 8996770, 3.97303E-12, 8992280, 3.96751E-12, 8978240, 3.96448E-12, 8917070, 3.96554E-12, 8916560, 3.96033E-12, 8852450, 3.96326E-12, 8918600, 3.95875E-12, 8773700, 3.96074E-12, 8741360, 3.95243E-12, 8779280, 3.95476E-12, 8731800, 3.95407E-12, 8777210, 3.94914E-12, 8752120, 3.94829E-12, 8639880, 3.94979E-12, 8609800, 3.94853E-12, 8576030, 3.94803E-12, 8524660, 3.94266E-12, 8495750, 3.93879E-12, 8586270, 3.94055E-12, 8499940, 3.94151E-12, 8457530, 3.93663E-12, 8374510, 3.93471E-12, 8274500, 3.9367E-12, 8237280, 3.9313E-12, 8223010, 3.92797E-12, 8130100, 3.92762E-12, 8147570, 3.92501E-12, 8100270, 3.93022E-12, 7919580, 3.92134E-12, 7934360, 3.92287E-12, 7891970, 3.9202E-12, 7873830, 3.91843E-12, 7825060, 3.91638E-12, 7755540, 3.91368E-12, 7685620, 3.91323E-12, 7542640, 3.9138E-12, 7541790, 3.91138E-12, 7474800, 3.90827E-12, 7460070, 3.90898E-12, 7364750, 3.91022E-12, 7113710, 3.90719E-12, 7207640, 3.90725E-12, 7228050, 3.90486E-12, 7030960, 3.90242E-12, 7083070, 3.90006E-12, 6876450, 3.90039E-12, 6841740, 3.89951E-12, 6810840, 3.89709E-12, 6692990, 3.89559E-12, 6622990, 3.89356E-12, 6514200, 3.8933E-12, 6401150, 3.89287E-12, 6308610, 3.89085E-12, 6275910, 3.88954E-12, 6146610, 3.8874E-12, 6026490, 3.88719E-12, 5993780, 3.88587E-12, 5884510, 3.88457E-12, 5778960, 3.88406E-12, 5741650, 3.8811E-12, 5573330, 3.87963E-12, 5554270, 3.87846E-12, 5490510, 3.87672E-12, 5437620, 3.87593E-12, 5395190, 3.87375E-12, 5382950, 3.87571E-12, 5375200, 3.873E-12, 5495080, 3.87382E-12, 5256700, 3.87401E-12, 5201520, 3.87356E-12, 5105950, 3.8733E-12, 4926530, 3.87268E-12, 4739310, 3.87166E-12, 4608800, 3.87028E-12, 4379790, 3.86902E-12, 4185970, 3.86759E-12, 4180680, 3.86626E-12, 4051900, 3.865E-12, 3798570, 3.86258E-12, 3634330, 3.85985E-12, 3523620, 3.85899E-12, 3526780
1781609024815, d:6-7, 3.71717E-12, 10102300, 3.54836E-12, 10044700, 3.29912E-12, 10207600, 3.64583E-12, 10170200, 3.69384E-12, 10094400, 3.8428E-12, 10177900, 3.93211E-12, 10112300, 4.01496E-12, 10118500, 4.03507E-12, 10139600, 4.14285E-12, 10124600, 4.1706E-12, 10158500, 4.30344E-12, 10075600, 4.27319E-12, 10001500, 4.27358E-12, 9954700, 4.36603E-12, 9928830, 4.32973E-12, 9931130, 4.21495E-12, 9835530, 4.35752E-12, 9900490, 4.36458E-12, 9811130, 4.33261E-12, 9779370, 4.40249E-12, 9592250, 4.38121E-12, 9647280, 4.36121E-12, 9658220, 4.36802E-12, 9616060, 4.29891E-12, 9430330, 4.29907E-12, 9512990, 4.28501E-12, 9503420, 4.25929E-12, 9443090, 4.27258E-12, 9387670, 4.26048E-12, 9337490, 4.23087E-12, 9352080, 4.22176E-12, 9257830, 4.20031E-12, 9252750, 4.1815E-12, 9227140, 4.17474E-12, 9161050, 4.1634E-12, 9179400, 4.15465E-12, 9152860, 4.13312E-12, 9093210, 4.12799E-12, 9074430, 4.13348E-12, 9114920, 4.1071E-12, 9058440, 4.10429E-12, 9045390, 4.09693E-12, 9012720, 4.08951E-12, 9062180, 4.08104E-12, 9022160, 4.06985E-12, 9084720, 4.07266E-12, 8971640, 4.07134E-12, 9003470, 4.06583E-12, 8982770, 4.05496E-12, 8950760, 4.05622E-12, 8996810, 4.05227E-12, 8982100, 4.0424E-12, 8961940, 4.04691E-12, 8920840, 4.06816E-12, 8890120, 4.03931E-12, 8785170, 4.04317E-12, 8892960, 4.04154E-12, 8819350, 4.03973E-12, 8853240, 4.04103E-12, 8800050, 4.03465E-12, 8791370, 4.03451E-12, 8809120, 4.03381E-12, 8733120, 4.0318E-12, 8762680, 4.0305E-12, 8729140, 4.0256E-12, 8687660, 4.02388E-12, 8643780, 4.02613E-12, 8560530, 4.03105E-12, 8620100, 4.02222E-12, 8548650, 4.03454E-12, 8521780, 4.01886E-12, 8441090, 4.03223E-12, 8307940, 4.01553E-12, 8349990, 4.01166E-12, 8328240, 4.00963E-12, 8257670, 4.01511E-12, 8188120, 4.00942E-12, 8131240, 4.00726E-12, 8138460, 4.0063E-12, 8146350, 4.00365E-12, 7963790, 3.99983E-12, 7913430, 4.00566E-12, 7859090, 4.00114E-12, 7768960, 3.99623E-12, 7725150, 3.99557E-12, 7772090, 3.99335E-12, 7556870, 3.99185E-12, 7519960, 3.99173E-12, 7439530, 3.99173E-12, 7386200, 3.98563E-12, 7339130, 3.98325E-12, 7199810, 3.98341E-12, 7139060, 3.98266E-12, 7068460, 3.98242E-12, 7032170, 3.98151E-12, 6904520, 3.97588E-12, 6786220, 3.9775E-12, 6679190, 3.9741E-12, 6602990, 3.97244E-12, 6514360, 3.96933E-12, 6490320, 3.96805E-12, 6317690, 3.96755E-12, 6288590, 3.9668E-12, 6187860, 3.96322E-12, 6125160, 3.96179E-12, 5976470, 3.96058E-12, 5836550, 3.95781E-12, 5761590, 3.95673E-12, 5646750, 3.95482E-12, 5567220, 3.95339E-12, 5438580, 3.9514E-12, 5457440, 3.94987E-12, 5245340, 3.94688E-12, 5238360, 3.94575E-12, 5109790, 3.94352E-12, 5041540, 3.94248E-12, 5043050, 3.94168E-12, 4951290, 3.93963E-12, 4875450, 3.94077E-12, 4990800, 3.93853E-12, 4717600, 3.93817E-12, 4711590, 3.93875E-12, 4687490, 3.93853E-12, 4486570, 3.93803E-12, 4310860, 3.93683E-12, 4169820, 3.93515E-12, 4010630, 3.93448E-12, 3838050, 3.93224E-12, 3691590, 3.93126E-12, 3605810, 3.92875E-12, 3431350, 3.92737E-12, 3333510, 3.9233E-12, 3287390, 3.92146E-12, 3074930, 3.91912E-12, 2969240, 3.92119E-12, 2952550
1781609031044, d:7-8, 3.13525E-12, 9847200, 3.70978E-12, 9847600, 3.79027E-12, 10118100, 3.9712E-12, 10050100, 4.03225E-12, 10105700, 4.20921E-12, 10157000, 4.17533E-12, 10059700, 4.30196E-12, 10069300, 4.26784E-12, 10087600, 4.3874E-12, 10086900, 4.35305E-12, 9980540, 4.43369E-12, 10012600, 4.43996E-12, 9960200, 4.48743E-12, 9901760, 4.52238E-12, 9920810, 4.52704E-12, 9800160, 4.41212E-12, 9819940, 4.53793E-12, 9818240, 4.52691E-12, 9787020, 4.52475E-12, 9726310, 4.60223E-12, 9586940, 4.51744E-12, 9636100, 4.48649E-12, 9556490, 4.44979E-12, 9505150, 4.53302E-12, 9474630, 4.43461E-12, 9390900, 4.42327E-12, 9360860, 4.38737E-12, 9364240, 4.3972E-12, 9240730, 4.36377E-12, 9209160, 4.34917E-12, 9129700, 4.3224E-12, 9096330, 4.3098E-12, 9074690, 4.29028E-12, 9031500, 4.26693E-12, 9028840, 4.25596E-12, 8910190, 4.24241E-12, 8924910, 4.21554E-12, 8966240, 4.22182E-12, 8874820, 4.21078E-12, 8873960, 4.19791E-12, 8837510, 4.20539E-12, 8862060, 4.18252E-12, 8817740, 4.16537E-12, 8771700, 4.15737E-12, 8716600, 4.14674E-12, 8686900, 4.13683E-12, 8684510, 4.12921E-12, 8660120, 4.12181E-12, 8639950, 4.1198E-12, 8637450, 4.11191E-12, 8566000, 4.1062E-12, 8573190, 4.10582E-12, 8543880, 4.105E-12, 8544870, 4.08624E-12, 8472570, 4.09359E-12, 8534130, 4.08612E-12, 8445600, 4.07899E-12, 8365120, 4.079E-12, 8360180, 4.07892E-12, 8331340, 4.07241E-12, 8343590, 4.06904E-12, 8261490, 4.06571E-12, 8206350, 4.06298E-12, 8164760, 4.06053E-12, 8112140, 4.0575E-12, 8082740, 4.05388E-12, 8077030, 4.05011E-12, 7955950, 4.0665E-12, 7933640, 4.04236E-12, 7906690, 4.05677E-12, 8042610, 4.03843E-12, 7776120, 4.04286E-12, 7688160, 4.03256E-12, 7621860, 4.02652E-12, 7600770, 4.02697E-12, 7573760, 4.01942E-12, 7485700, 4.02123E-12, 7435310, 4.0151E-12, 7375320, 4.01533E-12, 7231860, 4.0077E-12, 7161260, 4.00614E-12, 7191140, 4.00511E-12, 7091670, 4.00031E-12, 7020790, 4.00013E-12, 6930330, 3.99534E-12, 6873380, 3.9946E-12, 6810170, 3.99322E-12, 6792310, 3.99113E-12, 6669540, 3.98242E-12, 6671650, 3.98526E-12, 6478770, 3.98127E-12, 6482720, 3.98038E-12, 6356690, 3.97647E-12, 6315510, 3.97271E-12, 6195350, 3.97451E-12, 6127200, 3.96665E-12, 6010820, 3.96779E-12, 5984600, 3.9662E-12, 5876930, 3.96444E-12, 5769440, 3.96164E-12, 5674390, 3.95803E-12, 5597060, 3.95726E-12, 5524960, 3.95698E-12, 5402530, 3.95357E-12, 5338580, 3.9502E-12, 5231100, 3.94922E-12, 5127840, 3.94723E-12, 5052940, 3.94466E-12, 4972610, 3.94361E-12, 4795910, 3.94071E-12, 4770430, 3.93789E-12, 4623810, 3.93753E-12, 4613910, 3.93469E-12, 4568330, 3.93286E-12, 4439160, 3.93018E-12, 4382100, 3.92824E-12, 4284720, 3.92607E-12, 4261780, 3.92413E-12, 4200280, 3.92224E-12, 4127290, 3.92349E-12, 4087030, 3.92132E-12, 4148310, 3.91976E-12, 3991530, 3.91985E-12, 3976840, 3.91941E-12, 3820420, 3.91849E-12, 3651600, 3.91722E-12, 3575360, 3.9159E-12, 3444400, 3.91433E-12, 3326030, 3.91045E-12, 3208970, 3.90953E-12, 3111120, 3.90834E-12, 3020230, 3.90633E-12, 2850820, 3.90358E-12, 2777860, 3.90162E-12, 2681170, 3.89832E-12, 2793650
1781609037310, d:8-9, 3.41924E-12, 10124600, 3.6816E-12, 10070600, 3.83062E-12, 10119900, 3.67175E-12, 10361200, 3.89455E-12, 10261800, 3.7892E-12, 10317900, 4.11967E-12, 10260500, 4.07977E-12, 10266900, 4.0627E-12, 10222400, 4.22361E-12, 10018500, 4.20987E-12, 10261600, 4.25506E-12, 10190200, 4.27651E-12, 10151800, 4.40642E-12, 10191000, 4.32576E-12, 10141700, 4.4002E-12, 9987810, 4.39005E-12, 10128400, 4.38047E-12, 9915770, 4.39371E-12, 9903240, 4.38187E-12, 9800080, 4.37213E-12, 9828960, 4.35104E-12, 9785820, 4.31738E-12, 9821730, 4.34902E-12, 9615160, 4.35241E-12, 9554270, 4.30589E-12, 9536520, 4.28176E-12, 9510990, 4.27887E-12, 9444830, 4.25653E-12, 9390110, 4.23451E-12, 9329300, 4.23532E-12, 9213490, 4.19991E-12, 9323370, 4.17355E-12, 9241410, 4.17336E-12, 9147040, 4.14502E-12, 9122310, 4.15466E-12, 9085980, 4.11734E-12, 9080440, 4.10811E-12, 9032590, 4.09601E-12, 8995240, 4.07073E-12, 8989630, 4.0598E-12, 8936930, 4.05732E-12, 8902760, 4.04637E-12, 8912570, 4.02957E-12, 8875770, 4.02383E-12, 8863980, 4.01932E-12, 8807620, 4.00822E-12, 8804540, 3.99959E-12, 8784040, 3.99551E-12, 8717690, 3.98862E-12, 8709180, 3.98103E-12, 8681370, 3.97852E-12, 8718900, 3.97673E-12, 8662010, 3.98297E-12, 8624910, 3.95688E-12, 8615260, 3.96099E-12, 8471330, 3.95255E-12, 8567030, 3.95344E-12, 8492040, 3.94442E-12, 8453110, 3.94846E-12, 8427820, 3.93485E-12, 8370010, 3.93571E-12, 8308570, 3.93396E-12, 8299550, 3.9311E-12, 8266870, 3.92745E-12, 8250760, 3.92412E-12, 8183670, 3.92085E-12, 8119130, 3.91707E-12, 8055610, 3.91156E-12, 8045410, 3.90927E-12, 7977480, 3.89122E-12, 7921300, 3.90263E-12, 7895930, 3.89972E-12, 7838600, 3.89853E-12, 7768250, 3.89222E-12, 7702340, 3.89085E-12, 7666570, 3.88604E-12, 7653930, 3.88454E-12, 7570800, 3.88188E-12, 7516500, 3.87771E-12, 7454410, 3.87595E-12, 7417780, 3.87249E-12, 7331560, 3.86989E-12, 7358570, 3.87053E-12, 7267360, 3.86879E-12, 7176450, 3.86375E-12, 7060540, 3.86209E-12, 7077160, 3.85671E-12, 6984070, 3.85728E-12, 6895160, 3.85207E-12, 6791460, 3.8546E-12, 6780620, 3.85263E-12, 6719700, 3.84807E-12, 6724870, 3.84618E-12, 6556300, 3.84542E-12, 6457690, 3.84263E-12, 6418340, 3.84142E-12, 6324270, 3.83905E-12, 6250770, 3.83877E-12, 6168850, 3.83594E-12, 6088070, 3.83459E-12, 6024170, 3.83206E-12, 5953720, 3.8303E-12, 5870160, 3.82768E-12, 5843920, 3.82733E-12, 5702540, 3.82637E-12, 5605440, 3.82371E-12, 5524600, 3.82174E-12, 5478010, 3.82029E-12, 5408190, 3.81702E-12, 5291430, 3.8168E-12, 5197470, 3.81536E-12, 5069440, 3.81342E-12, 5026700, 3.81173E-12, 4894190, 3.80964E-12, 4899090, 3.80781E-12, 4806560, 3.80614E-12, 4694280, 3.80452E-12, 4644930, 3.80213E-12, 4566120, 3.80013E-12, 4548820, 3.79838E-12, 4496110, 3.79796E-12, 4519950, 3.79678E-12, 4528220, 3.79614E-12, 4546190, 3.79562E-12, 4503870, 3.79669E-12, 4402040, 3.79598E-12, 4304980, 3.79536E-12, 4232330, 3.79462E-12, 4052610, 3.79389E-12, 3912710, 3.79285E-12, 3768410, 3.79037E-12, 3524740, 3.78901E-12, 3469370, 3.78733E-12, 3308350, 3.78519E-12, 3169520, 3.78114E-12, 3063580
1781609043574, d:9-10, 3.51527E-12, 10250100, 3.43476E-12, 10154000, 3.55357E-12, 10189100, 3.88535E-12, 10418300, 3.40712E-12, 10040100, 4.00828E-12, 10135000, 3.88512E-12, 10352300, 3.78345E-12, 10320800, 3.96497E-12, 10191200, 4.10857E-12, 10173200, 3.94976E-12, 10160600, 4.12378E-12, 10173800, 4.17378E-12, 10100300, 4.17001E-12, 10160700, 4.04624E-12, 10257200, 4.17167E-12, 10068000, 4.18849E-12, 10016100, 4.15001E-12, 10154800, 4.17426E-12, 9919350, 4.19382E-12, 9854010, 4.18229E-12, 9833800, 4.22917E-12, 9794530, 4.15268E-12, 9733240, 4.13194E-12, 9696110, 4.13714E-12, 9649010, 4.12971E-12, 9452760, 4.14138E-12, 9651210, 4.07722E-12, 9490770, 4.08518E-12, 9423880, 4.05206E-12, 9399480, 4.05717E-12, 9318120, 4.03351E-12, 9296980, 3.99343E-12, 9272280, 3.99162E-12, 9269280, 3.96292E-12, 9196900, 3.95161E-12, 9139020, 3.93613E-12, 9124240, 3.91914E-12, 9092020, 3.89444E-12, 9052060, 3.88957E-12, 9070830, 3.88339E-12, 9009570, 3.87192E-12, 8972220, 3.86015E-12, 8966880, 3.85464E-12, 8930240, 3.84571E-12, 8936100, 3.83297E-12, 8896310, 3.82958E-12, 8834360, 3.82327E-12, 8858410, 3.81457E-12, 8845170, 3.80841E-12, 8789940, 3.80707E-12, 8776520, 3.79236E-12, 8749040, 3.79224E-12, 8753540, 3.78962E-12, 8681630, 3.76547E-12, 8697990, 3.77295E-12, 8672740, 3.7823E-12, 8607580, 3.77237E-12, 8562670, 3.77011E-12, 8527650, 3.76635E-12, 8537930, 3.76813E-12, 8404800, 3.75488E-12, 8414700, 3.75657E-12, 8398640, 3.75173E-12, 8387420, 3.74886E-12, 8349510, 3.7469E-12, 8291040, 3.74345E-12, 8292640, 3.73851E-12, 8197010, 3.73388E-12, 8141100, 3.74165E-12, 8110400, 3.73154E-12, 8126040, 3.72617E-12, 8143950, 3.72463E-12, 8049920, 3.72525E-12, 7974500, 3.71913E-12, 7880390, 3.71942E-12, 7782020, 3.71489E-12, 7783510, 3.71285E-12, 7690600, 3.70942E-12, 7662660, 3.70723E-12, 7681880, 3.70505E-12, 7578010, 3.70556E-12, 7531490, 3.70629E-12, 7485710, 3.69904E-12, 7388500, 3.69505E-12, 7371770, 3.69388E-12, 7269780, 3.69228E-12, 7176670, 3.6916E-12, 7128240, 3.687E-12, 7129020, 3.68824E-12, 7047390, 3.68627E-12, 6953090, 3.683E-12, 6910970, 3.68066E-12, 6896130, 3.68012E-12, 6854400, 3.67691E-12, 6752570, 3.67561E-12, 6715200, 3.67411E-12, 6617830, 3.6717E-12, 6533590, 3.6703E-12, 6495680, 3.66848E-12, 6399240, 3.66737E-12, 6330780, 3.66577E-12, 6251360, 3.66412E-12, 6197920, 3.66248E-12, 6155850, 3.6605E-12, 6060580, 3.65929E-12, 5940130, 3.65789E-12, 5888980, 3.65634E-12, 5801550, 3.65543E-12, 5712940, 3.65254E-12, 5682140, 3.65224E-12, 5578500, 3.65068E-12, 5489150, 3.64851E-12, 5373510, 3.64839E-12, 5277520, 3.646E-12, 5240090, 3.6446E-12, 5161320, 3.6432E-12, 5119260, 3.64319E-12, 5056260, 3.63974E-12, 4974420, 3.638E-12, 4932050, 3.63618E-12, 4934370, 3.6343E-12, 4855010, 3.63401E-12, 4936100, 3.63288E-12, 4971490, 3.632E-12, 5048870, 3.63227E-12, 5078370, 3.63216E-12, 5086340, 3.63238E-12, 5075060, 3.63314E-12, 4923630, 3.6338E-12, 4752280, 3.63282E-12, 4549710, 3.63194E-12, 4331880, 3.63117E-12, 4139100, 3.62903E-12, 3916860, 3.62692E-12, 3738130, 3.62513E-12, 3746960
1781609049818, d:10-1, 3.63999E-12, 9827700, 3.56933E-12, 9810650, 3.73753E-12, 9818390, 3.96212E-12, 9794860, 3.86429E-12, 9841250, 3.92372E-12, 9884680, 3.75774E-12, 9794370, 4.05477E-12, 9901310, 3.83703E-12, 9816010, 3.91919E-12, 9637600, 4.05124E-12, 9863870, 4.30658E-12, 9841810, 4.07204E-12, 9774300, 4.0784E-12, 9707590, 4.0604E-12, 9657720, 4.02878E-12, 9611330, 4.17162E-12, 9506300, 4.0326E-12, 9542590, 4.04805E-12, 9469920, 4.02519E-12, 9426620, 3.9997E-12, 9364100, 3.99259E-12, 9354150, 3.97591E-12, 9303890, 3.98761E-12, 9183890, 3.9188E-12, 9226800, 3.86682E-12, 9250220, 3.88175E-12, 9119370, 3.84734E-12, 9090940, 3.8352E-12, 9042780, 3.80957E-12, 9008470, 3.79374E-12, 8960910, 3.77244E-12, 8931580, 3.77054E-12, 8917870, 3.74232E-12, 8843990, 3.70916E-12, 8857800, 3.70786E-12, 8824560, 3.68333E-12, 8803660, 3.65905E-12, 8778920, 3.64644E-12, 8753930, 3.64504E-12, 8756030, 3.63826E-12, 8763370, 3.62701E-12, 8721920, 3.61774E-12, 8727030, 3.61014E-12, 8676220, 3.59859E-12, 8698900, 3.59493E-12, 8674960, 3.5908E-12, 8659690, 3.58184E-12, 8645000, 3.58396E-12, 8654530, 3.57873E-12, 8610370, 3.57426E-12, 8607110, 3.56735E-12, 8570310, 3.56467E-12, 8595980, 3.57548E-12, 8594830, 3.56897E-12, 8510190, 3.5613E-12, 8530100, 3.55952E-12, 8461550, 3.55723E-12, 8471620, 3.54846E-12, 8451160, 3.54693E-12, 8432090, 3.54265E-12, 8444490, 3.54294E-12, 8352640, 3.54373E-12, 8381370, 3.53735E-12, 8269120, 3.53437E-12, 8273830, 3.53116E-12, 8242650, 3.52932E-12, 8169590, 3.52587E-12, 8138140, 3.52559E-12, 8105410, 3.52139E-12, 8072030, 3.49714E-12, 7982780, 3.5178E-12, 7982730, 3.51411E-12, 7944800, 3.51257E-12, 7924880, 3.51026E-12, 7911100, 3.50552E-12, 7770140, 3.50382E-12, 7770000, 3.50446E-12, 7757120, 3.50244E-12, 7690180, 3.49914E-12, 7682100, 3.49627E-12, 7568430, 3.49456E-12, 7563730, 3.49355E-12, 7699500, 3.49051E-12, 7447730, 3.48665E-12, 7422720, 3.49033E-12, 7364100, 3.48394E-12, 7250260, 3.48049E-12, 7232030, 3.47843E-12, 7141270, 3.48165E-12, 7004410, 3.47757E-12, 7094740, 3.47579E-12, 7051930, 3.47436E-12, 6995860, 3.47288E-12, 6975690, 3.47056E-12, 6829940, 3.47023E-12, 6840490, 3.46816E-12, 6736860, 3.46637E-12, 6652370, 3.46458E-12, 6596560, 3.46405E-12, 6546950, 3.46254E-12, 6488790, 3.46174E-12, 6387150, 3.45911E-12, 6335890, 3.45932E-12, 6250010, 3.45636E-12, 6221230, 3.45559E-12, 6133020, 3.45464E-12, 6069130, 3.45312E-12, 6012190, 3.45195E-12, 5940950, 3.44934E-12, 5888910, 3.44938E-12, 5792590, 3.44923E-12, 5778310, 3.44626E-12, 5665500, 3.44649E-12, 5550440, 3.44298E-12, 5484870, 3.44224E-12, 5413280, 3.44065E-12, 5336890, 3.43961E-12, 5282960, 3.43729E-12, 5255370, 3.43564E-12, 5167530, 3.43363E-12, 5234840, 3.43107E-12, 5160220, 3.4303E-12, 5370530, 3.42875E-12, 5426390, 3.42815E-12, 5589800, 3.42861E-12, 5779720, 3.42912E-12, 6031420, 3.43044E-12, 6256610, 3.43251E-12, 6125840, 3.43456E-12, 6030700, 3.43555E-12, 5783550, 3.43699E-12, 5597410, 3.43496E-12, 4929260, 3.43388E-12, 4633450, 3.4315E-12, 4335790, 3.42863E-12, 3938370
1781609056079, d:1-2, 3.57557E-12, 10035000, 3.66977E-12, 10105100, 3.68452E-12, 9888740, 3.55539E-12, 10070800, 3.84425E-12, 10157100, 3.80525E-12, 10119100, 3.97097E-12, 10169800, 3.81576E-12, 10237200, 3.9938E-12, 10160000, 3.83836E-12, 10012400, 4.03806E-12, 10323700, 3.92608E-12, 10246000, 4.11421E-12, 10314200, 4.02055E-12, 10148500, 4.0187E-12, 10141400, 4.07645E-12, 10057700, 4.13893E-12, 9893440, 4.06867E-12, 10044500, 4.08967E-12, 10001200, 4.05139E-12, 9885520, 4.16637E-12, 9967070, 4.08012E-12, 9781910, 4.052E-12, 9793730, 4.04457E-12, 9755330, 4.08716E-12, 9732890, 4.01973E-12, 9598970, 4.00157E-12, 9567850, 3.97695E-12, 9517530, 3.95642E-12, 9480110, 3.93257E-12, 9406700, 3.91799E-12, 9384640, 3.90685E-12, 9348470, 3.88534E-12, 9277200, 3.8598E-12, 9275980, 3.85487E-12, 9230310, 3.83664E-12, 9175470, 3.81546E-12, 9102930, 3.80815E-12, 9145510, 3.78808E-12, 9091210, 3.78204E-12, 9072410, 3.76417E-12, 9008880, 3.76732E-12, 9021460, 3.74706E-12, 8976700, 3.73212E-12, 8952820, 3.72709E-12, 8918770, 3.71596E-12, 8866980, 3.71098E-12, 8895550, 3.70472E-12, 8869960, 3.69367E-12, 8860150, 3.69273E-12, 8812590, 3.67971E-12, 8805530, 3.67808E-12, 8776840, 3.67171E-12, 8717130, 3.65771E-12, 8723600, 3.67614E-12, 8606550, 3.65246E-12, 8723890, 3.65841E-12, 8680650, 3.65327E-12, 8640140, 3.65109E-12, 8622760, 3.64952E-12, 8608370, 3.64083E-12, 8549390, 3.64104E-12, 8542680, 3.6326E-12, 8454640, 3.63327E-12, 8528280, 3.63119E-12, 8424300, 3.6275E-12, 8421780, 3.62509E-12, 8385140, 3.62112E-12, 8339910, 3.61428E-12, 8435820, 3.61816E-12, 8269620, 3.60852E-12, 8358530, 3.61374E-12, 8200370, 3.61165E-12, 8198770, 3.60807E-12, 8126450, 3.60781E-12, 8133160, 3.60554E-12, 8023610, 3.6032E-12, 8108930, 3.60039E-12, 7949370, 3.5973E-12, 7932200, 3.60137E-12, 7950760, 3.59215E-12, 7908760, 3.59231E-12, 7783610, 3.58903E-12, 7715960, 3.58544E-12, 7804090, 3.58674E-12, 7690500, 3.58695E-12, 7621010, 3.5895E-12, 7512720, 3.58237E-12, 7508540, 3.58269E-12, 7503840, 3.57982E-12, 7527850, 3.57716E-12, 7394020, 3.57753E-12, 7271490, 3.57353E-12, 7275870, 3.57362E-12, 7177950, 3.57163E-12, 7159930, 3.57234E-12, 7120300, 3.5693E-12, 7100280, 3.56923E-12, 6982740, 3.56835E-12, 6940100, 3.56698E-12, 6874300, 3.56591E-12, 6827240, 3.5647E-12, 6729830, 3.56258E-12, 6675100, 3.56142E-12, 6613500, 3.56079E-12, 6520100, 3.55885E-12, 6434840, 3.55924E-12, 6400400, 3.55707E-12, 6325100, 3.55645E-12, 6228890, 3.55526E-12, 6154820, 3.55406E-12, 6076160, 3.55275E-12, 6016000, 3.55114E-12, 5915340, 3.55008E-12, 5752750, 3.54905E-12, 5807960, 3.54714E-12, 5684860, 3.54534E-12, 5602110, 3.54488E-12, 5596350, 3.54238E-12, 5540010, 3.54076E-12, 5494420, 3.53906E-12, 5431450, 3.53629E-12, 5555260, 3.53617E-12, 5581380, 3.53453E-12, 5695350, 3.53371E-12, 5836700, 3.53362E-12, 6061580, 3.53362E-12, 6327770, 3.53446E-12, 6468260, 3.53623E-12, 6673220, 3.5382E-12, 6600310, 3.53916E-12, 6274920, 3.54003E-12, 5863690, 3.53916E-12, 5396970, 3.53787E-12, 5100550, 3.53575E-12, 4757940, 3.53598E-12, 4355300
1781609062313, d:2-3, 4.25614E-12, 10038000, 4.74086E-12, 10148700, 4.07122E-12, 10107700, 4.46121E-12, 9948690, 4.23426E-12, 10177700, 4.42649E-12, 9997150, 4.39882E-12, 10137600, 4.57863E-12, 9698010, 4.36175E-12, 10005800, 4.32324E-12, 10182900, 4.44987E-12, 9915570, 4.49852E-12, 9871720, 4.31481E-12, 9678730, 4.41208E-12, 9798510, 4.39643E-12, 9786290, 4.45846E-12, 9772790, 4.44664E-12, 9732080, 4.43051E-12, 9762220, 4.45065E-12, 9642110, 4.42126E-12, 9574820, 4.41874E-12, 9574030, 4.38213E-12, 9475450, 4.34375E-12, 9451090, 4.3375E-12, 9390450, 4.30245E-12, 9330280, 4.29904E-12, 9275390, 4.24452E-12, 9240690, 4.23318E-12, 9159690, 4.20753E-12, 9115160, 4.18592E-12, 9072660, 4.16319E-12, 9032450, 4.12551E-12, 8951710, 4.11589E-12, 8956000, 4.10357E-12, 8923390, 4.09287E-12, 8900280, 4.06759E-12, 8866180, 4.04231E-12, 8851680, 4.02573E-12, 8820100, 4.00635E-12, 8785220, 3.99202E-12, 8763560, 3.98374E-12, 8711430, 3.96772E-12, 8714840, 3.96323E-12, 8699550, 3.95063E-12, 8669180, 3.94159E-12, 8659510, 3.92905E-12, 8640780, 3.92562E-12, 8614710, 3.91523E-12, 8610910, 3.90929E-12, 8575240, 3.89907E-12, 8548450, 3.89901E-12, 8558970, 3.89276E-12, 8523470, 3.88863E-12, 8580710, 3.88223E-12, 8467820, 3.88805E-12, 8439650, 3.87387E-12, 8474610, 3.87076E-12, 8439020, 3.86602E-12, 8406080, 3.86598E-12, 8381940, 3.86408E-12, 8339650, 3.85943E-12, 8366760, 3.85521E-12, 8315940, 3.85194E-12, 8301530, 3.84778E-12, 8254300, 3.84821E-12, 8231060, 3.84672E-12, 8185790, 3.84179E-12, 8154840, 3.84245E-12, 8113040, 3.8378E-12, 8069130, 3.83532E-12, 8045550, 3.83536E-12, 7952280, 3.8348E-12, 7915480, 3.83031E-12, 7880990, 3.82733E-12, 7837040, 3.82122E-12, 7842120, 3.82087E-12, 7774550, 3.81859E-12, 7761660, 3.81595E-12, 7689210, 3.81542E-12, 7630100, 3.81419E-12, 7712010, 3.81463E-12, 7525930, 3.8091E-12, 7506320, 3.80832E-12, 7437890, 3.80529E-12, 7409710, 3.80247E-12, 7369580, 3.79943E-12, 7323560, 3.79875E-12, 7242760, 3.79544E-12, 7176430, 3.79384E-12, 7107140, 3.79878E-12, 7088530, 3.79252E-12, 7008780, 3.78873E-12, 6975680, 3.78636E-12, 6905620, 3.78712E-12, 6871510, 3.78434E-12, 6776760, 3.78485E-12, 6761550, 3.78153E-12, 6598770, 3.77979E-12, 6576580, 3.77883E-12, 6499750, 3.77734E-12, 6424930, 3.77629E-12, 6334740, 3.77406E-12, 6301190, 3.77276E-12, 6226820, 3.77167E-12, 6175690, 3.77039E-12, 6043140, 3.76862E-12, 6011960, 3.76712E-12, 5932710, 3.76519E-12, 5850340, 3.76404E-12, 5789930, 3.76324E-12, 5705360, 3.76161E-12, 5553960, 3.75986E-12, 5536140, 3.75856E-12, 5441680, 3.75753E-12, 5452150, 3.75594E-12, 5306120, 3.75425E-12, 5188270, 3.75256E-12, 5143180, 3.75066E-12, 5091770, 3.74906E-12, 5015110, 3.74682E-12, 4959690, 3.74549E-12, 4944940, 3.74261E-12, 4961260, 3.74183E-12, 4984390, 3.74089E-12, 5075700, 3.73995E-12, 5192900, 3.73996E-12, 5254000, 3.74064E-12, 5358830, 3.74262E-12, 5394800, 3.74294E-12, 5307320, 3.74401E-12, 5107650, 3.74457E-12, 4895730, 3.74504E-12, 4435380, 3.74293E-12, 4306280, 3.74096E-12, 4108260, 3.73892E-12, 3898610, 3.73634E-12, 3759270
1781609068554, d:3-4, 3.29774E-12, 10079600, 3.72797E-12, 9741790, 3.59522E-12, 9951140, 3.6179E-12, 9869380, 3.66802E-12, 9852180, 3.78958E-12, 9917210, 3.84625E-12, 9841260, 4.09874E-12, 9946330, 3.89988E-12, 9852330, 3.93465E-12, 9825380, 4.02321E-12, 9835530, 4.06761E-12, 9889240, 4.00542E-12, 9547930, 4.20341E-12, 9792020, 4.24863E-12, 9969080, 4.17645E-12, 9753750, 4.20102E-12, 9718670, 4.08757E-12, 9725470, 4.2232E-12, 9599880, 4.2172E-12, 9589850, 4.202E-12, 9558210, 4.19046E-12, 9503150, 4.20152E-12, 9476470, 4.16874E-12, 9416960, 4.16579E-12, 9393330, 4.15334E-12, 9469840, 4.15567E-12, 9302430, 4.1098E-12, 9221430, 4.10129E-12, 9240790, 4.0985E-12, 9186900, 4.08287E-12, 9085180, 4.06621E-12, 9102520, 4.05015E-12, 9049890, 4.04409E-12, 9047090, 4.0038E-12, 9028800, 4.01662E-12, 9004480, 4.00302E-12, 8979980, 4.00835E-12, 8960620, 3.97431E-12, 8970530, 3.96489E-12, 8940800, 3.96016E-12, 8913500, 3.95293E-12, 8902470, 3.9435E-12, 8894140, 3.94314E-12, 8866860, 3.93286E-12, 8867580, 3.92479E-12, 8839620, 3.92261E-12, 8816770, 3.91945E-12, 8808340, 3.9153E-12, 8805380, 3.90897E-12, 8793850, 3.90725E-12, 8798980, 3.90274E-12, 8779510, 3.90021E-12, 8753390, 3.89479E-12, 8720610, 3.89458E-12, 8834080, 3.90382E-12, 8644790, 3.88584E-12, 8683290, 3.88555E-12, 8680940, 3.88548E-12, 8652870, 3.88938E-12, 8696640, 3.88427E-12, 8595030, 3.88256E-12, 8555580, 3.87786E-12, 8536690, 3.88025E-12, 8645820, 3.87317E-12, 8513800, 3.87456E-12, 8527590, 3.87319E-12, 8461990, 3.87375E-12, 8483600, 3.86413E-12, 8332800, 3.86662E-12, 8348690, 3.88572E-12, 8679260, 3.86186E-12, 8276820, 3.86182E-12, 8252790, 3.85887E-12, 8187990, 3.85621E-12, 8205680, 3.85486E-12, 8099440, 3.85306E-12, 7971480, 3.8491E-12, 7987750, 3.85082E-12, 8024700, 3.84862E-12, 7809970, 3.84591E-12, 7920320, 3.84789E-12, 7866320, 3.841E-12, 7758770, 3.83542E-12, 7784100, 3.84012E-12, 7698980, 3.83871E-12, 7694880, 3.83466E-12, 7610280, 3.83465E-12, 7557720, 3.83392E-12, 7418280, 3.83252E-12, 7378650, 3.831E-12, 7271250, 3.82888E-12, 7294600, 3.82759E-12, 7226790, 3.82727E-12, 7196700, 3.82459E-12, 7099170, 3.82317E-12, 7033970, 3.82185E-12, 6965580, 3.82024E-12, 6913840, 3.82057E-12, 6821770, 3.81772E-12, 6760980, 3.816E-12, 6647130, 3.81542E-12, 6596020, 3.81452E-12, 6473310, 3.81219E-12, 6389230, 3.81046E-12, 6275020, 3.80989E-12, 6243520, 3.80827E-12, 6160360, 3.80702E-12, 6057110, 3.80579E-12, 5989690, 3.80497E-12, 5917110, 3.80318E-12, 5836020, 3.8011E-12, 5741380, 3.79991E-12, 5659160, 3.79975E-12, 5526070, 3.79688E-12, 5505910, 3.79577E-12, 5409640, 3.79355E-12, 5305370, 3.79252E-12, 5278940, 3.79046E-12, 5201310, 3.78939E-12, 5197120, 3.78813E-12, 5205890, 3.78561E-12, 5116500, 3.78523E-12, 5255660, 3.78588E-12, 5323490, 3.78563E-12, 5316560, 3.78642E-12, 5307130, 3.78709E-12, 5135130, 3.78658E-12, 4981210, 3.7868E-12, 4817520, 3.78726E-12, 4604550, 3.78564E-12, 4372270, 3.78504E-12, 4256620, 3.78233E-12, 3964270, 3.78034E-12, 3788380, 3.77766E-12, 3685070, 3.77515E-12, 3460930
1781609074795, d:4-5, 3.41657E-12, 9854970, 3.19881E-12, 10002100, 3.66572E-12, 9856480, 3.65169E-12, 9962250, 3.55042E-12, 9945330, 3.87509E-12, 10014700, 4.236E-12, 9936840, 3.96937E-12, 9928690, 3.79555E-12, 9686340, 4.13849E-12, 9840970, 4.01716E-12, 9864390, 4.22195E-12, 9959770, 4.10105E-12, 9869800, 4.20993E-12, 9834000, 4.15736E-12, 9591850, 4.26654E-12, 9741980, 4.2859E-12, 9684110, 4.38999E-12, 9617060, 4.25562E-12, 9663470, 4.24428E-12, 9576030, 4.19638E-12, 9432440, 4.27994E-12, 9535000, 4.23536E-12, 9475490, 4.24962E-12, 9402270, 4.2297E-12, 9403390, 4.18764E-12, 9339970, 4.22696E-12, 9281720, 4.17305E-12, 9300680, 4.14017E-12, 9303050, 4.14097E-12, 9209010, 4.13533E-12, 9187780, 4.12897E-12, 9132350, 4.10424E-12, 9066660, 4.09422E-12, 9095700, 4.07383E-12, 9071400, 4.06248E-12, 9025880, 4.05826E-12, 9012760, 4.04999E-12, 8988870, 4.03343E-12, 8982600, 4.0218E-12, 8960430, 4.01238E-12, 8950600, 4.00778E-12, 8936600, 4.00402E-12, 8916820, 3.99477E-12, 8918220, 3.98785E-12, 8911700, 3.98107E-12, 8865050, 3.97633E-12, 8885820, 3.97596E-12, 8859310, 3.97151E-12, 8887080, 3.96377E-12, 8867000, 3.96446E-12, 8858350, 3.96501E-12, 8845120, 3.95763E-12, 8880920, 3.9592E-12, 8817700, 3.95963E-12, 8758830, 3.95349E-12, 8822300, 3.9515E-12, 8805650, 3.95006E-12, 8783920, 3.95043E-12, 8777410, 3.95449E-12, 8745870, 3.94087E-12, 8747120, 3.94491E-12, 8681270, 3.94178E-12, 8607050, 3.94209E-12, 8664810, 3.94017E-12, 8616650, 3.93776E-12, 8610660, 3.93558E-12, 8575630, 3.93589E-12, 8472260, 3.93514E-12, 8486860, 3.93287E-12, 8461250, 3.93211E-12, 8449300, 3.92647E-12, 8501160, 3.92802E-12, 8357480, 3.92553E-12, 8271620, 3.92205E-12, 8214990, 3.92274E-12, 8293140, 3.92054E-12, 8111720, 3.9129E-12, 8057300, 3.91796E-12, 8062250, 3.91529E-12, 7921390, 3.91464E-12, 8005870, 3.9106E-12, 7853360, 3.90907E-12, 7840990, 3.9105E-12, 7853040, 3.90782E-12, 7740780, 3.90574E-12, 7711030, 3.90357E-12, 7686290, 3.90249E-12, 7655730, 3.90194E-12, 7479400, 3.90154E-12, 7416810, 3.89774E-12, 7446660, 3.898E-12, 7364020, 3.89468E-12, 7292020, 3.89197E-12, 7221010, 3.89272E-12, 7254550, 3.89168E-12, 7098300, 3.88944E-12, 7037520, 3.88816E-12, 6955260, 3.88739E-12, 6897650, 3.886E-12, 6827500, 3.88457E-12, 6743260, 3.88326E-12, 6665040, 3.88197E-12, 6554460, 3.88112E-12, 6497150, 3.87887E-12, 6430540, 3.87809E-12, 6337090, 3.877E-12, 6264120, 3.87507E-12, 6143420, 3.8744E-12, 6077380, 3.87357E-12, 6038970, 3.87175E-12, 5920530, 3.8698E-12, 5803630, 3.86821E-12, 5763170, 3.86767E-12, 5623650, 3.86561E-12, 5557330, 3.86399E-12, 5508460, 3.86298E-12, 5464920, 3.86113E-12, 5387210, 3.85963E-12, 5376450, 3.85844E-12, 5379800, 3.85747E-12, 5419430, 3.85777E-12, 5549560, 3.85707E-12, 5439740, 3.85802E-12, 5303340, 3.85849E-12, 5237690, 3.85818E-12, 5103730, 3.85777E-12, 4912030, 3.85724E-12, 4582680, 3.85563E-12, 4523700, 3.85487E-12, 4368290, 3.85385E-12, 4216560, 3.85292E-12, 4134220, 3.85049E-12, 3864400, 3.84834E-12, 3694820, 3.84716E-12, 3539820, 3.84379E-12, 3405900
1781609081055, d:5-6, 3.21654E-12, 10108400, 3.39014E-12, 9922110, 3.56459E-12, 9930880, 3.64982E-12, 10034200, 3.74733E-12, 10071700, 3.77353E-12, 10054100, 3.88532E-12, 10092100, 3.73044E-12, 10091400, 4.03146E-12, 10103800, 4.11653E-12, 10182500, 4.1738E-12, 10017000, 4.10206E-12, 10007900, 4.22091E-12, 10294700, 4.137E-12, 10044900, 4.06744E-12, 9980600, 4.21787E-12, 9955380, 4.22735E-12, 9893600, 4.16951E-12, 9708820, 4.2776E-12, 9908450, 4.25082E-12, 9779040, 4.24834E-12, 9742680, 4.29108E-12, 9703530, 4.23036E-12, 9616600, 4.23183E-12, 9653880, 4.21459E-12, 9571390, 4.16007E-12, 9580930, 4.1849E-12, 9479440, 4.19538E-12, 9459370, 4.17334E-12, 9425460, 4.14957E-12, 9364760, 4.13487E-12, 9346840, 4.10629E-12, 9316870, 4.11097E-12, 9315900, 4.11178E-12, 9270220, 4.07788E-12, 9251740, 4.0747E-12, 9234580, 4.06792E-12, 9214430, 4.06099E-12, 9185850, 4.04454E-12, 9228630, 4.03696E-12, 9142660, 4.02596E-12, 9124340, 4.01922E-12, 9145370, 4.01513E-12, 9147160, 4.01062E-12, 9116610, 3.99754E-12, 9079940, 4.00209E-12, 9116040, 3.99318E-12, 9030980, 3.98851E-12, 9055260, 3.98387E-12, 9057880, 3.98149E-12, 9061760, 3.97975E-12, 9070790, 3.97134E-12, 9048550, 3.97733E-12, 9015970, 3.97206E-12, 9038420, 3.97566E-12, 8990190, 3.97747E-12, 8994230, 3.9717E-12, 8967280, 3.96731E-12, 8944810, 3.95898E-12, 8923930, 3.95555E-12, 8926170, 3.96161E-12, 8876660, 3.95977E-12, 8855760, 3.9591E-12, 8782710, 3.94866E-12, 8808960, 3.95421E-12, 8777160, 3.95171E-12, 8761530, 3.95561E-12, 8672540, 3.95203E-12, 8743070, 3.94685E-12, 8680280, 3.94561E-12, 8752150, 3.944E-12, 8525950, 3.94947E-12, 8480640, 3.94018E-12, 8577100, 3.93981E-12, 8474770, 3.94314E-12, 8392230, 3.93266E-12, 8398830, 3.93328E-12, 8279650, 3.93288E-12, 8306770, 3.93243E-12, 8247340, 3.9305E-12, 8196140, 3.9285E-12, 8205100, 3.929E-12, 8068670, 3.92452E-12, 8107180, 3.92607E-12, 8034970, 3.9216E-12, 7846210, 3.9214E-12, 7906970, 3.92033E-12, 7770470, 3.9189E-12, 7788430, 3.91669E-12, 7671350, 3.91704E-12, 7615460, 3.91272E-12, 7571850, 3.9098E-12, 7513690, 3.9126E-12, 7452490, 3.91035E-12, 7413240, 3.90737E-12, 7298230, 3.90732E-12, 7227180, 3.90431E-12, 7149100, 3.90195E-12, 7064680, 3.90363E-12, 7003210, 3.90165E-12, 6857880, 3.89998E-12, 6868370, 3.89907E-12, 6708590, 3.89803E-12, 6679710, 3.896E-12, 6578030, 3.89518E-12, 6502310, 3.89353E-12, 6396540, 3.89237E-12, 6342720, 3.8909E-12, 6269750, 3.89013E-12, 6146110, 3.88904E-12, 6095900, 3.88709E-12, 5962230, 3.88558E-12, 5881970, 3.88382E-12, 5802460, 3.88336E-12, 5678670, 3.88166E-12, 5659370, 3.88023E-12, 5553850, 3.87814E-12, 5483210, 3.87721E-12, 5449920, 3.87593E-12, 5412410, 3.87438E-12, 5364730, 3.87444E-12, 5351050, 3.87401E-12, 5396860, 3.87273E-12, 5301560, 3.87377E-12, 5208610, 3.8736E-12, 5082320, 3.87405E-12, 4908560, 3.87235E-12, 4737910, 3.8719E-12, 4576240, 3.87037E-12, 4440050, 3.86838E-12, 4303870, 3.86765E-12, 4109530, 3.86678E-12, 4080070, 3.86434E-12, 3842490, 3.8624E-12, 3699940, 3.86066E-12, 3541490, 3.85935E-12, 3358540
1781609087307, d:6-7, 3.3743E-12, 9921360, 3.51491E-12, 10061100, 3.57937E-12, 9945500, 3.75901E-12, 10211100, 3.80511E-12, 9909020, 3.70746E-12, 9903700, 3.97613E-12, 10105800, 3.98216E-12, 10175200, 4.11691E-12, 10094300, 4.2183E-12, 10121400, 4.221E-12, 10061300, 4.10346E-12, 10392400, 4.12988E-12, 10093000, 4.35711E-12, 10108200, 4.27688E-12, 9984760, 4.41311E-12, 9980400, 4.34631E-12, 9864220, 4.35964E-12, 9887000, 4.3523E-12, 9845410, 4.36694E-12, 9815450, 4.34297E-12, 9750090, 4.3554E-12, 9694320, 4.3385E-12, 9630420, 4.34621E-12, 9648980, 4.31843E-12, 9551580, 4.3121E-12, 9519600, 4.29966E-12, 9463970, 4.26346E-12, 9426850, 4.26761E-12, 9408300, 4.24854E-12, 9332090, 4.22972E-12, 9336450, 4.21461E-12, 9297140, 4.20386E-12, 9236250, 4.18776E-12, 9227050, 4.17432E-12, 9158340, 4.16208E-12, 9172790, 4.14945E-12, 9153790, 4.14487E-12, 9127550, 4.12582E-12, 9100180, 4.11372E-12, 9082130, 4.10558E-12, 9058980, 4.10165E-12, 9066150, 4.09293E-12, 9057950, 4.08672E-12, 9025520, 4.08533E-12, 9038240, 4.0742E-12, 9023340, 4.06773E-12, 9020670, 4.06749E-12, 8996230, 4.05723E-12, 9001530, 4.05744E-12, 8985680, 4.05298E-12, 8954090, 4.05205E-12, 8962950, 4.04776E-12, 8917190, 4.05622E-12, 8931060, 4.02638E-12, 8733500, 4.03371E-12, 8958680, 4.04437E-12, 8890680, 4.03972E-12, 8885560, 4.0397E-12, 8868270, 4.03961E-12, 8854520, 4.03171E-12, 8839620, 4.0321E-12, 8759800, 4.04258E-12, 8824590, 4.03685E-12, 8768550, 4.03057E-12, 8729870, 4.0279E-12, 8701420, 4.02815E-12, 8668590, 4.02687E-12, 8628090, 4.0239E-12, 8542940, 4.02423E-12, 8634260, 4.02248E-12, 8508760, 4.01742E-12, 8498440, 4.01427E-12, 8516470, 4.01847E-12, 8336770, 4.01955E-12, 8296990, 4.0119E-12, 8288070, 4.01042E-12, 8218260, 4.00796E-12, 8147370, 4.00838E-12, 8097260, 4.00459E-12, 8042340, 4.00351E-12, 7965490, 4.00319E-12, 7874320, 4.0006E-12, 7928190, 3.99746E-12, 7692420, 3.9966E-12, 7777240, 3.99562E-12, 7684810, 3.99256E-12, 7603940, 3.99413E-12, 7552470, 3.98931E-12, 7430970, 3.99169E-12, 7419730, 3.98654E-12, 7373440, 3.98415E-12, 7275830, 3.9831E-12, 7170960, 3.98102E-12, 7096820, 3.98046E-12, 7057240, 3.97944E-12, 6827820, 3.97658E-12, 6855130, 3.97606E-12, 6736680, 3.97365E-12, 6603900, 3.97268E-12, 6525410, 3.97092E-12, 6460560, 3.96879E-12, 6371500, 3.96732E-12, 6231750, 3.96508E-12, 6177600, 3.96361E-12, 6039630, 3.96216E-12, 5927020, 3.96045E-12, 5838260, 3.95909E-12, 5758540, 3.9574E-12, 5649380, 3.95631E-12, 5600270, 3.95312E-12, 5456440, 3.9514E-12, 5361520, 3.95144E-12, 5251480, 3.94674E-12, 5229880, 3.94613E-12, 5104770, 3.94383E-12, 5046240, 3.94314E-12, 4963800, 3.94106E-12, 4924050, 3.94E-12, 4911380, 3.93985E-12, 4881090, 3.93946E-12, 4815450, 3.93752E-12, 4675150, 3.93873E-12, 4589530, 3.93861E-12, 4454860, 3.93768E-12, 4341640, 3.93664E-12, 4141790, 3.93546E-12, 4010270, 3.93424E-12, 3886680, 3.93222E-12, 3718450, 3.93016E-12, 3614270, 3.92766E-12, 3453220, 3.92651E-12, 3319050, 3.92449E-12, 3231690, 3.92247E-12, 3077020, 3.91981E-12, 2978270, 3.91665E-12, 2936300
1781609093562, d:7-8, 3.50991E-12, 9856500, 3.79525E-12, 9929130, 4.07156E-12, 10029000, 4.22454E-12, 10391400, 3.81395E-12, 10217700, 3.89322E-12, 10420900, 4.06135E-12, 10043800, 4.51617E-12, 10138000, 4.14596E-12, 10085800, 4.27583E-12, 10075400, 4.42279E-12, 10145300, 4.53591E-12, 10064600, 4.39748E-12, 10029300, 4.70614E-12, 10054400, 4.46255E-12, 9915340, 4.40899E-12, 9741560, 4.5073E-12, 9838060, 4.50328E-12, 9784460, 4.59878E-12, 9667930, 4.513E-12, 9718870, 4.49956E-12, 9624320, 4.50462E-12, 9587560, 4.4862E-12, 9547130, 4.43497E-12, 9412510, 4.45121E-12, 9446890, 4.43373E-12, 9384600, 4.42564E-12, 9373220, 4.40043E-12, 9285660, 4.39207E-12, 9247900, 4.36014E-12, 9307200, 4.35077E-12, 9185970, 4.30011E-12, 9105540, 4.30219E-12, 9069340, 4.29798E-12, 9056970, 4.28181E-12, 9002310, 4.25662E-12, 8963010, 4.24198E-12, 8945790, 4.22676E-12, 8920200, 4.2183E-12, 8880710, 4.20037E-12, 8862220, 4.19607E-12, 8840500, 4.18283E-12, 8828760, 4.16967E-12, 8777710, 4.16693E-12, 8760410, 4.15316E-12, 8737080, 4.15145E-12, 8733310, 4.13839E-12, 8696870, 4.13217E-12, 8672610, 4.12358E-12, 8651750, 4.12236E-12, 8616980, 4.11324E-12, 8600060, 4.10672E-12, 8541170, 4.10268E-12, 8499860, 4.10339E-12, 8533780, 4.12264E-12, 8355940, 4.08863E-12, 8472310, 4.08926E-12, 8431990, 4.08341E-12, 8398810, 4.08135E-12, 8364860, 4.08124E-12, 8322190, 4.07219E-12, 8312240, 4.06854E-12, 8306040, 4.06533E-12, 8235800, 4.06237E-12, 8165610, 4.05876E-12, 8123290, 4.05514E-12, 8074910, 4.05524E-12, 8037140, 4.05343E-12, 7987080, 4.05217E-12, 7926980, 4.04271E-12, 7893140, 4.03891E-12, 7824740, 4.03805E-12, 7775760, 4.03218E-12, 7766560, 4.03068E-12, 7669570, 4.02928E-12, 7585300, 4.02526E-12, 7541700, 4.02145E-12, 7504330, 4.01692E-12, 7381240, 4.01389E-12, 7391170, 4.01424E-12, 7238490, 4.00938E-12, 7243570, 4.00374E-12, 7162100, 4.0039E-12, 7047410, 3.99918E-12, 7064460, 3.99969E-12, 6881540, 3.99519E-12, 6888140, 3.99375E-12, 6807960, 3.99342E-12, 6717940, 3.99051E-12, 6627810, 3.98486E-12, 6592990, 3.98398E-12, 6568020, 3.98136E-12, 6461430, 3.97926E-12, 6365980, 3.97819E-12, 6349380, 3.97519E-12, 6235140, 3.972E-12, 6111340, 3.97262E-12, 5988190, 3.96801E-12, 5950230, 3.96513E-12, 5867400, 3.96404E-12, 5753660, 3.96223E-12, 5731400, 3.95928E-12, 5607810, 3.95913E-12, 5491000, 3.95531E-12, 5416650, 3.95317E-12, 5335060, 3.9502E-12, 5253030, 3.94931E-12, 5154890, 3.94722E-12, 5069610, 3.94498E-12, 4962060, 3.94246E-12, 4850750, 3.94062E-12, 4782910, 3.93849E-12, 4708190, 3.93683E-12, 4551590, 3.93429E-12, 4469090, 3.93212E-12, 4452740, 3.9302E-12, 4382700, 3.92845E-12, 4301610, 3.92648E-12, 4249250, 3.92492E-12, 4203020, 3.92311E-12, 4161060, 3.92116E-12, 4125100, 3.92099E-12, 4116080, 3.92068E-12, 3972580, 3.92002E-12, 3963460, 3.9195E-12, 3845510, 3.9188E-12, 3692860, 3.91743E-12, 3583500, 3.91513E-12, 3463570, 3.91433E-12, 3336200, 3.9124E-12, 3227500, 3.91035E-12, 3070450, 3.90951E-12, 2970760, 3.90616E-12, 2871760, 3.90388E-12, 2764010, 3.9016E-12, 2668890, 3.90024E-12, 2595760
1781609099813, d:8-9, 3.88626E-12, 10154900, 3.64713E-12, 10148900, 3.93579E-12, 10499400, 4.02158E-12, 9916120, 3.98657E-12, 10353000, 4.12437E-12, 10256300, 4.02742E-12, 10185800, 3.93953E-12, 10084000, 4.16926E-12, 10284800, 4.20511E-12, 10031900, 4.13683E-12, 10330200, 4.33638E-12, 10077600, 4.35612E-12, 10189300, 4.58894E-12, 10224400, 4.34231E-12, 10025800, 4.45383E-12, 10225800, 4.28103E-12, 9976370, 4.36676E-12, 9902170, 4.35408E-12, 9855630, 4.35919E-12, 9840270, 4.37388E-12, 9796690, 4.36368E-12, 9673910, 4.34441E-12, 9689070, 4.27112E-12, 9624470, 4.31491E-12, 9636110, 4.27002E-12, 9572430, 4.28515E-12, 9518560, 4.27599E-12, 9427890, 4.27272E-12, 9376160, 4.23223E-12, 9346490, 4.21712E-12, 9289870, 4.16772E-12, 9272150, 4.1835E-12, 9217030, 4.17288E-12, 9173690, 4.14648E-12, 9123520, 4.13164E-12, 9101020, 4.112E-12, 9091220, 4.10692E-12, 8998350, 4.08287E-12, 8973600, 4.07505E-12, 8982880, 4.06914E-12, 8943630, 4.0503E-12, 8901210, 4.04607E-12, 8873140, 4.02786E-12, 8870990, 4.02807E-12, 8824260, 4.01199E-12, 8792750, 4.00782E-12, 8794960, 4.00351E-12, 8761700, 4.00132E-12, 8749150, 3.98556E-12, 8729800, 3.98211E-12, 8678650, 3.97735E-12, 8720680, 3.96712E-12, 8642340, 3.97761E-12, 8564990, 3.9731E-12, 8568030, 3.95872E-12, 8619120, 3.95586E-12, 8493600, 3.94504E-12, 8516820, 3.94542E-12, 8453360, 3.94251E-12, 8489790, 3.93318E-12, 8317870, 3.93906E-12, 8355380, 3.92501E-12, 8315420, 3.93378E-12, 8289550, 3.92262E-12, 8241090, 3.92365E-12, 8169830, 3.91934E-12, 8147120, 3.91396E-12, 8076220, 3.9114E-12, 8054850, 3.90778E-12, 8003770, 3.91579E-12, 8091160, 3.90502E-12, 7907370, 3.89719E-12, 7835930, 3.89481E-12, 7800040, 3.89052E-12, 7740160, 3.89007E-12, 7746240, 3.88524E-12, 7659120, 3.88457E-12, 7604880, 3.88142E-12, 7501630, 3.88172E-12, 7438010, 3.88028E-12, 7403170, 3.87283E-12, 7365480, 3.87995E-12, 7321300, 3.8702E-12, 7215030, 3.86841E-12, 7160150, 3.86518E-12, 7119140, 3.86024E-12, 7023730, 3.85838E-12, 6953050, 3.85976E-12, 6866750, 3.85333E-12, 6821830, 3.8539E-12, 6830320, 3.85058E-12, 6688670, 3.85042E-12, 6610360, 3.84872E-12, 6544280, 3.84455E-12, 6487650, 3.84448E-12, 6434750, 3.84094E-12, 6335610, 3.83942E-12, 6346410, 3.83706E-12, 6185490, 3.83623E-12, 6094850, 3.83425E-12, 5994570, 3.83123E-12, 5946670, 3.83053E-12, 5852480, 3.82801E-12, 5785980, 3.82667E-12, 5678580, 3.82527E-12, 5626110, 3.82334E-12, 5530720, 3.82125E-12, 5456380, 3.82041E-12, 5386640, 3.81851E-12, 5257840, 3.81636E-12, 5189600, 3.81526E-12, 5104500, 3.81338E-12, 5025310, 3.81241E-12, 4952190, 3.80975E-12, 4855930, 3.80797E-12, 4777470, 3.80659E-12, 4703030, 3.80356E-12, 4643370, 3.80256E-12, 4594320, 3.79997E-12, 4555320, 3.79936E-12, 4523380, 3.79629E-12, 4598580, 3.79565E-12, 4549340, 3.79644E-12, 4491220, 3.79592E-12, 4491710, 3.79578E-12, 4478050, 3.796E-12, 4317610, 3.79549E-12, 4218510, 3.79496E-12, 4046340, 3.79395E-12, 3909010, 3.79224E-12, 3733000, 3.79184E-12, 3604330, 3.78973E-12, 3420590, 3.78688E-12, 3339360, 3.78457E-12, 3128670, 3.78304E-12, 3090120
1781609106061, d:9-10, 3.58811E-12, 9929430, 3.61235E-12, 10361800, 3.52002E-12, 10128900, 3.69784E-12, 10276300, 3.69058E-12, 10160000, 3.65417E-12, 10253600, 3.84175E-12, 10248700, 3.89308E-12, 10270300, 3.96201E-12, 10219300, 3.99066E-12, 10210300, 4.10428E-12, 10280300, 4.09097E-12, 10168300, 3.99081E-12, 10108200, 4.19555E-12, 10158500, 4.2606E-12, 9988540, 4.14041E-12, 10089500, 4.17842E-12, 10112900, 4.19844E-12, 9904270, 4.20851E-12, 9944780, 4.15167E-12, 9890960, 4.17283E-12, 9821160, 4.2118E-12, 9771870, 4.16429E-12, 9749200, 4.12659E-12, 9702250, 4.13862E-12, 9611850, 4.10081E-12, 9534750, 4.12697E-12, 9527630, 4.09091E-12, 9478780, 4.07605E-12, 9432630, 4.05907E-12, 9409480, 4.03315E-12, 9331580, 4.00364E-12, 9321780, 3.99568E-12, 9271050, 3.99085E-12, 9260140, 3.97021E-12, 9202700, 3.93296E-12, 9172530, 3.93314E-12, 9126130, 3.92381E-12, 9105010, 3.90709E-12, 9045400, 3.88917E-12, 9023780, 3.87115E-12, 9007460, 3.8682E-12, 9002620, 3.8595E-12, 8956450, 3.85873E-12, 8918520, 3.84379E-12, 8915630, 3.83406E-12, 8852560, 3.8312E-12, 8870250, 3.82166E-12, 8828790, 3.81413E-12, 8805680, 3.80805E-12, 8777370, 3.80158E-12, 8790460, 3.79853E-12, 8765080, 3.7934E-12, 8726090, 3.78542E-12, 8718440, 3.79038E-12, 8521100, 3.79369E-12, 8652820, 3.77761E-12, 8619530, 3.77223E-12, 8553900, 3.7683E-12, 8552430, 3.76854E-12, 8489100, 3.75917E-12, 8491910, 3.75912E-12, 8472520, 3.75565E-12, 8428040, 3.75465E-12, 8453980, 3.74842E-12, 8393690, 3.74483E-12, 8282500, 3.74365E-12, 8265570, 3.74309E-12, 8252950, 3.72743E-12, 8356210, 3.7339E-12, 8144050, 3.71235E-12, 7841960, 3.72847E-12, 8039200, 3.72616E-12, 8098700, 3.72411E-12, 7949180, 3.72183E-12, 7911060, 3.71791E-12, 7820140, 3.7147E-12, 7795020, 3.71183E-12, 7733320, 3.70916E-12, 7675090, 3.7099E-12, 7748540, 3.70288E-12, 7560470, 3.70645E-12, 7540390, 3.70191E-12, 7489720, 3.70049E-12, 7340280, 3.69251E-12, 7352990, 3.69442E-12, 7286350, 3.69248E-12, 7245280, 3.6896E-12, 7142560, 3.68851E-12, 7110600, 3.68506E-12, 7067900, 3.68247E-12, 6959590, 3.68366E-12, 6957880, 3.67974E-12, 6849440, 3.67945E-12, 6756810, 3.67554E-12, 6789070, 3.67525E-12, 6652470, 3.67467E-12, 6600090, 3.67172E-12, 6585270, 3.66928E-12, 6479470, 3.66897E-12, 6409410, 3.66727E-12, 6308260, 3.66628E-12, 6267160, 3.66415E-12, 6182240, 3.66208E-12, 6113170, 3.66126E-12, 6013530, 3.65919E-12, 5962110, 3.65868E-12, 5880320, 3.65649E-12, 5801370, 3.65516E-12, 5742110, 3.65609E-12, 5673980, 3.6533E-12, 5603230, 3.65028E-12, 5538830, 3.65062E-12, 5385320, 3.64987E-12, 5372610, 3.64545E-12, 5351700, 3.64463E-12, 5166910, 3.64279E-12, 5096950, 3.64071E-12, 5088200, 3.63988E-12, 4987760, 3.63813E-12, 4958920, 3.63649E-12, 4931990, 3.63359E-12, 4977590, 3.63328E-12, 4944640, 3.63243E-12, 5020650, 3.63158E-12, 5048700, 3.632E-12, 5093670, 3.63264E-12, 5117200, 3.63333E-12, 4979510, 3.63282E-12, 4953180, 3.63309E-12, 4748540, 3.63295E-12, 4553950, 3.633E-12, 4359100, 3.63133E-12, 4144070, 3.62945E-12, 3945850, 3.62717E-12, 3719980, 3.62329E-12, 3518470
1781609112311, d:10-1, 3.67777E-12, 9839580, 3.53485E-12, 9834860, 3.85184E-12, 9860360, 3.83474E-12, 9762150, 3.88733E-12, 9878070, 3.84994E-12, 9790590, 4.18045E-12, 9665750, 3.88247E-12, 9927740, 3.85489E-12, 9782260, 3.97167E-12, 9766190, 4.02407E-12, 9839610, 4.18585E-12, 9567120, 4.06965E-12, 9732640, 4.01863E-12, 9689210, 4.05662E-12, 9623890, 4.04494E-12, 9583490, 4.01111E-12, 9616550, 4.03136E-12, 9547920, 4.03021E-12, 9502550, 3.99929E-12, 9421930, 3.99486E-12, 9405540, 3.95818E-12, 9385500, 3.96593E-12, 9296410, 3.93761E-12, 9266880, 3.9425E-12, 9216370, 3.88622E-12, 9152200, 3.86209E-12, 9146330, 3.8446E-12, 9049370, 3.83562E-12, 9033940, 3.81151E-12, 9000150, 3.79207E-12, 8949000, 3.77176E-12, 8917530, 3.75813E-12, 8873160, 3.72935E-12, 8850440, 3.72376E-12, 8839600, 3.71265E-12, 8783220, 3.68256E-12, 8800230, 3.67263E-12, 8815360, 3.66847E-12, 8783010, 3.68781E-12, 8775940, 3.63143E-12, 8770050, 3.62657E-12, 8678310, 3.61545E-12, 8765220, 3.6084E-12, 8688440, 3.60418E-12, 8672450, 3.59838E-12, 8660600, 3.59169E-12, 8659480, 3.5866E-12, 8652840, 3.58154E-12, 8626010, 3.5777E-12, 8624210, 3.57342E-12, 8609540, 3.56852E-12, 8598990, 3.57E-12, 8591880, 3.56398E-12, 8658610, 3.57823E-12, 8368900, 3.55715E-12, 8554810, 3.5564E-12, 8475900, 3.55303E-12, 8451290, 3.54724E-12, 8504090, 3.54355E-12, 8465960, 3.55009E-12, 8355290, 3.53841E-12, 8347140, 3.53932E-12, 8327860, 3.53624E-12, 8333130, 3.53082E-12, 8327780, 3.53353E-12, 8260760, 3.52782E-12, 8228680, 3.52931E-12, 8162560, 3.53221E-12, 8081950, 3.52091E-12, 8068470, 3.51978E-12, 7992500, 3.42756E-12, 8175070, 3.5137E-12, 7945470, 3.51154E-12, 7897780, 3.51148E-12, 7884180, 3.50681E-12, 7778740, 3.50556E-12, 7783000, 3.50334E-12, 7765730, 3.50049E-12, 7755740, 3.50051E-12, 7625740, 3.49432E-12, 7550450, 3.49894E-12, 7459280, 3.49198E-12, 7431610, 3.49361E-12, 7353400, 3.48768E-12, 7366900, 3.48777E-12, 7303850, 3.48437E-12, 7232360, 3.48166E-12, 7195640, 3.48027E-12, 7183210, 3.479E-12, 7167430, 3.47616E-12, 7065650, 3.47446E-12, 7010740, 3.47423E-12, 6962610, 3.47096E-12, 6876790, 3.46831E-12, 6947270, 3.46981E-12, 6874400, 3.46858E-12, 6656750, 3.46627E-12, 6640630, 3.46467E-12, 6585580, 3.46324E-12, 6528190, 3.46232E-12, 6492960, 3.46083E-12, 6443750, 3.46001E-12, 6332460, 3.45827E-12, 6300890, 3.45723E-12, 6194550, 3.45578E-12, 6125880, 3.45426E-12, 6063950, 3.45256E-12, 5985190, 3.45193E-12, 5926360, 3.45086E-12, 5810760, 3.44912E-12, 5819060, 3.44886E-12, 5695190, 3.44651E-12, 5617250, 3.44584E-12, 5651330, 3.44267E-12, 5633730, 3.44265E-12, 5482320, 3.44115E-12, 5332020, 3.43875E-12, 5294300, 3.43786E-12, 5254670, 3.43494E-12, 5195370, 3.43442E-12, 5179830, 3.43289E-12, 5183480, 3.43022E-12, 5284000, 3.42889E-12, 5401580, 3.42827E-12, 5607230, 3.42822E-12, 5744710, 3.4291E-12, 5999990, 3.4314E-12, 6115110, 3.43235E-12, 6052530, 3.43413E-12, 6113370, 3.43595E-12, 5758190, 3.43643E-12, 5304960, 3.43507E-12, 4976930, 3.43438E-12, 4608030, 3.43199E-12, 4335040, 3.42907E-12, 4088070
1781609118526, d:1-2, 3.27701E-12, 10319000, 3.50782E-12, 10136500, 3.31477E-12, 10174800, 3.711E-12, 10299000, 3.52518E-12, 9926990, 3.30231E-12, 10154700, 3.8083E-12, 10252500, 3.74099E-12, 10382300, 3.90633E-12, 10223900, 3.93266E-12, 10200100, 3.9675E-12, 10250300, 4.26402E-12, 10068500, 4.23873E-12, 10167600, 4.01068E-12, 10045500, 4.08424E-12, 10115400, 4.07941E-12, 9982730, 4.08547E-12, 10065000, 4.09706E-12, 10008800, 4.08073E-12, 9938640, 4.06469E-12, 9912710, 4.07717E-12, 9875260, 4.06357E-12, 9805140, 4.0582E-12, 9738670, 4.03174E-12, 9768710, 4.03445E-12, 9668350, 4.01236E-12, 9590430, 3.99361E-12, 9571550, 3.97184E-12, 9529920, 3.93554E-12, 9472240, 3.93993E-12, 9404380, 3.92914E-12, 9466130, 3.88957E-12, 9313270, 3.88611E-12, 9301040, 3.88021E-12, 9240890, 3.86161E-12, 9232050, 3.83539E-12, 9172010, 3.81928E-12, 9130760, 3.80132E-12, 9114160, 3.79134E-12, 9075970, 3.77781E-12, 9059080, 3.7639E-12, 9021800, 3.76176E-12, 8983550, 3.74893E-12, 8979690, 3.73486E-12, 8921540, 3.73251E-12, 8909180, 3.71981E-12, 8910560, 3.71203E-12, 8894660, 3.70721E-12, 8845510, 3.69689E-12, 8825370, 3.68994E-12, 8813590, 3.68061E-12, 8791150, 3.67182E-12, 8786860, 3.67618E-12, 8750780, 3.67443E-12, 8768110, 3.68083E-12, 8687750, 3.6666E-12, 8698570, 3.65889E-12, 8622680, 3.64989E-12, 8619970, 3.64913E-12, 8642020, 3.6452E-12, 8583360, 3.6394E-12, 8538310, 3.6373E-12, 8522350, 3.63567E-12, 8500930, 3.63348E-12, 8482320, 3.6337E-12, 8466750, 3.62956E-12, 8398720, 3.62955E-12, 8387220, 3.62237E-12, 8334620, 3.61364E-12, 8262100, 3.61803E-12, 8295300, 3.61406E-12, 8252320, 3.61479E-12, 8069650, 3.61149E-12, 8149580, 3.6053E-12, 8104280, 3.60458E-12, 8141890, 3.60111E-12, 8076170, 3.6031E-12, 8019620, 3.60015E-12, 7903540, 3.59407E-12, 7956710, 3.59093E-12, 7950590, 3.5975E-12, 7843250, 3.59353E-12, 7822230, 3.59117E-12, 7796240, 3.59055E-12, 7592780, 3.58617E-12, 7696710, 3.5861E-12, 7609340, 3.5848E-12, 7597230, 3.5834E-12, 7505090, 3.57994E-12, 7422550, 3.57797E-12, 7426380, 3.57868E-12, 7355100, 3.57566E-12, 7345160, 3.57335E-12, 7347520, 3.57573E-12, 7202790, 3.5725E-12, 7181350, 3.57267E-12, 7121140, 3.57117E-12, 7010750, 3.5715E-12, 6925460, 3.5664E-12, 6924140, 3.56687E-12, 6875980, 3.56536E-12, 6817750, 3.56473E-12, 6722100, 3.56365E-12, 6692420, 3.56266E-12, 6599810, 3.56131E-12, 6515650, 3.55993E-12, 6443680, 3.55911E-12, 6380710, 3.55712E-12, 6304560, 3.55619E-12, 6224240, 3.5541E-12, 6254890, 3.55387E-12, 6093030, 3.55249E-12, 5994290, 3.55165E-12, 5952850, 3.55106E-12, 5759570, 3.5483E-12, 5755420, 3.5471E-12, 5692160, 3.54581E-12, 5644090, 3.54488E-12, 5590170, 3.54249E-12, 5512560, 3.54048E-12, 5485610, 3.53893E-12, 5496560, 3.53726E-12, 5485040, 3.53533E-12, 5585670, 3.53398E-12, 5685940, 3.53341E-12, 5826270, 3.53288E-12, 6085110, 3.53385E-12, 6335380, 3.53422E-12, 6671840, 3.53648E-12, 6672670, 3.53792E-12, 6521160, 3.53946E-12, 6223180, 3.53969E-12, 5888140, 3.53936E-12, 5368990, 3.5379E-12, 5041220, 3.53609E-12, 4718660, 3.5338E-12, 4858590
1781609124812, d:2-3, 4.14606E-12, 10159500, 4.33312E-12, 10198600, 4.19274E-12, 10024300, 4.33997E-12, 10074000, 4.33575E-12, 9968450, 4.22375E-12, 9990430, 4.40973E-12, 9980870, 4.47828E-12, 10025000, 4.41753E-12, 9953290, 4.41934E-12, 10073100, 4.54331E-12, 9959060, 4.45015E-12, 9906610, 4.54387E-12, 9878260, 4.49958E-12, 9765200, 4.45484E-12, 9879840, 4.50077E-12, 9702570, 4.47993E-12, 9506970, 4.46328E-12, 9729670, 4.44491E-12, 9602940, 4.41579E-12, 9531260, 4.49462E-12, 9564110, 4.3597E-12, 9485450, 4.34827E-12, 9415470, 4.34234E-12, 9391690, 4.27716E-12, 9209000, 4.28221E-12, 9281650, 4.28391E-12, 9223570, 4.20581E-12, 9147460, 4.20706E-12, 9117280, 4.1896E-12, 9102600, 4.16194E-12, 9012640, 4.14186E-12, 8994070, 4.1155E-12, 8969460, 4.08531E-12, 8900540, 4.06859E-12, 8868010, 4.05805E-12, 8842790, 4.034E-12, 8804730, 4.03194E-12, 8815330, 4.00239E-12, 8788610, 3.99441E-12, 8753100, 3.97899E-12, 8727850, 3.97127E-12, 8716320, 3.95908E-12, 8684530, 3.95133E-12, 8654120, 3.94238E-12, 8684710, 3.93743E-12, 8640280, 3.92029E-12, 8622160, 3.91814E-12, 8595280, 3.90939E-12, 8595160, 3.902E-12, 8541550, 3.89708E-12, 8544060, 3.8926E-12, 8529250, 3.88421E-12, 8528830, 3.86872E-12, 8504520, 3.86097E-12, 8455850, 3.88794E-12, 8385860, 3.87507E-12, 8439090, 3.86615E-12, 8438490, 3.865E-12, 8361090, 3.85972E-12, 8364160, 3.86286E-12, 8302650, 3.85377E-12, 8327900, 3.85169E-12, 8303570, 3.85042E-12, 8270240, 3.84678E-12, 8223140, 3.84481E-12, 8186700, 3.84231E-12, 8137460, 3.84114E-12, 8166160, 3.83368E-12, 8116260, 3.83505E-12, 8019550, 3.84454E-12, 7893830, 3.83087E-12, 8024010, 3.82859E-12, 7962550, 3.82638E-12, 7905130, 3.82331E-12, 7828730, 3.82085E-12, 7764060, 3.81941E-12, 7715320, 3.81503E-12, 7718350, 3.81363E-12, 7627190, 3.81288E-12, 7566720, 3.81173E-12, 7504530, 3.80743E-12, 7475380, 3.80843E-12, 7468540, 3.79943E-12, 7277380, 3.79976E-12, 7366040, 3.80001E-12, 7290780, 3.79776E-12, 7268580, 3.79656E-12, 7159250, 3.79431E-12, 7113430, 3.79268E-12, 7029470, 3.79038E-12, 7040580, 3.7909E-12, 6999550, 3.7884E-12, 6863920, 3.78713E-12, 6855380, 3.78434E-12, 6747810, 3.78209E-12, 6641930, 3.78075E-12, 6690890, 3.78071E-12, 6537550, 3.77883E-12, 6509150, 3.77704E-12, 6414140, 3.77611E-12, 6352250, 3.77508E-12, 6328480, 3.77283E-12, 6264230, 3.77183E-12, 6191070, 3.77013E-12, 6043490, 3.76826E-12, 6012280, 3.76733E-12, 5951100, 3.7663E-12, 5841310, 3.76416E-12, 5798810, 3.76289E-12, 5718270, 3.76173E-12, 5603970, 3.75987E-12, 5528840, 3.75851E-12, 5440510, 3.75758E-12, 5296380, 3.75584E-12, 5293900, 3.75403E-12, 5212720, 3.75301E-12, 5108660, 3.75071E-12, 5105230, 3.74901E-12, 5021580, 3.74663E-12, 4969210, 3.74487E-12, 4906680, 3.74485E-12, 4992940, 3.74211E-12, 5008560, 3.74043E-12, 5097060, 3.73995E-12, 5173480, 3.73993E-12, 5315700, 3.74056E-12, 5399280, 3.7415E-12, 5322250, 3.74323E-12, 5302590, 3.74401E-12, 5158850, 3.74472E-12, 4892910, 3.74379E-12, 4671410, 3.74281E-12, 4340260, 3.74114E-12, 4092420, 3.73864E-12, 3868340, 3.73679E-12, 3764920
1781609131070, d:3-4, 3.5818E-12, 9875570, 2.99948E-12, 9895590, 3.3652E-12, 9844650, 3.5477E-12, 9886050, 3.83693E-12, 9857140, 3.74078E-12, 9832260, 3.74322E-12, 9979210, 3.85784E-12, 9719600, 3.95658E-12, 9939660, 4.10245E-12, 9793850, 4.04824E-12, 9878880, 4.17133E-12, 9752720, 4.10952E-12, 9788550, 4.05886E-12, 10054000, 4.16521E-12, 9808830, 4.21134E-12, 9810700, 4.16024E-12, 9780750, 4.2447E-12, 9661800, 4.2296E-12, 9579310, 4.16187E-12, 9561040, 4.1917E-12, 9554300, 4.19373E-12, 9460960, 4.13391E-12, 9395550, 4.19386E-12, 9448230, 4.17326E-12, 9383380, 4.15449E-12, 9373850, 4.1396E-12, 9320440, 4.13038E-12, 9272680, 4.11297E-12, 9229230, 4.11718E-12, 9179420, 4.08823E-12, 9104860, 4.07715E-12, 9187370, 4.07101E-12, 9080030, 4.04278E-12, 9082600, 4.03106E-12, 9038010, 4.01374E-12, 9029650, 3.98878E-12, 9006390, 3.99281E-12, 8959130, 3.98275E-12, 8956240, 3.96687E-12, 8940890, 3.95585E-12, 8933520, 3.95459E-12, 8887080, 3.94534E-12, 8885090, 3.94316E-12, 8876120, 3.94116E-12, 8858210, 3.92702E-12, 8844750, 3.9214E-12, 8860570, 3.91667E-12, 8818560, 3.91092E-12, 8791530, 3.90854E-12, 8785030, 3.9029E-12, 8775130, 3.90647E-12, 8835130, 3.89908E-12, 8829470, 3.89932E-12, 8774240, 3.90536E-12, 8682300, 3.88796E-12, 8727150, 3.89028E-12, 8668880, 3.88593E-12, 8682440, 3.88581E-12, 8650120, 3.88126E-12, 8652290, 3.88591E-12, 8615160, 3.87747E-12, 8604990, 3.87351E-12, 8492170, 3.86927E-12, 8543610, 3.87308E-12, 8500350, 3.87254E-12, 8482960, 3.87292E-12, 8433950, 3.873E-12, 8484290, 3.86525E-12, 8331750, 3.86711E-12, 8350760, 3.88542E-12, 8315230, 3.86155E-12, 8281420, 3.85991E-12, 8255680, 3.85874E-12, 8182200, 3.85881E-12, 8152330, 3.85841E-12, 8083020, 3.85307E-12, 8049760, 3.85052E-12, 8068670, 3.84969E-12, 7962670, 3.84589E-12, 7954780, 3.84661E-12, 7911470, 3.84645E-12, 7839770, 3.8448E-12, 7867570, 3.84369E-12, 7713050, 3.83922E-12, 7731490, 3.83812E-12, 7601350, 3.83518E-12, 7602940, 3.83334E-12, 7575680, 3.83215E-12, 7441030, 3.83046E-12, 7298560, 3.82904E-12, 7373610, 3.82883E-12, 7255100, 3.82639E-12, 7171440, 3.82608E-12, 7171360, 3.82388E-12, 7050760, 3.82296E-12, 7010610, 3.81952E-12, 6980040, 3.82164E-12, 6808040, 3.81885E-12, 6799880, 3.81761E-12, 6729960, 3.81598E-12, 6634510, 3.81526E-12, 6595570, 3.81351E-12, 6490880, 3.81376E-12, 6385170, 3.81302E-12, 6332160, 3.81005E-12, 6279130, 3.8083E-12, 6199450, 3.8069E-12, 6090360, 3.8058E-12, 5989920, 3.80341E-12, 5988430, 3.80291E-12, 5795090, 3.80124E-12, 5754630, 3.79987E-12, 5653690, 3.79878E-12, 5484170, 3.79671E-12, 5456560, 3.79556E-12, 5428490, 3.79333E-12, 5406700, 3.79215E-12, 5284760, 3.79085E-12, 5227230, 3.78891E-12, 5225270, 3.78729E-12, 5220580, 3.78559E-12, 5184560, 3.78606E-12, 5262130, 3.7854E-12, 5286890, 3.78608E-12, 5329760, 3.78665E-12, 5274190, 3.78722E-12, 5168300, 3.7868E-12, 5042130, 3.78692E-12, 4797750, 3.78627E-12, 4562560, 3.78539E-12, 4344030, 3.78418E-12, 4214700, 3.78245E-12, 4000480, 3.78029E-12, 3798970, 3.7788E-12, 3646750, 3.77415E-12, 3508290
1781609137330, d:4-5, 3.25269E-12, 9696650, 3.40536E-12, 9909460, 3.70075E-12, 10155700, 3.86506E-12, 9941160, 3.72631E-12, 10029300, 3.92847E-12, 9950940, 3.97935E-12, 10022400, 3.93958E-12, 9850650, 4.08624E-12, 9991400, 4.03832E-12, 9826400, 4.29113E-12, 9878060, 4.09991E-12, 9798710, 4.26332E-12, 9900030, 4.188E-12, 9858390, 4.30901E-12, 9988580, 4.24252E-12, 9777680, 4.16959E-12, 9852520, 4.28348E-12, 9699330, 4.27495E-12, 9606190, 4.27148E-12, 9568610, 4.23254E-12, 9704900, 4.23778E-12, 9524540, 4.26559E-12, 9441180, 4.24444E-12, 9457980, 4.23046E-12, 9390960, 4.27694E-12, 9382150, 4.19124E-12, 9297040, 4.17659E-12, 9306180, 4.16517E-12, 9222950, 4.15269E-12, 9197060, 4.12198E-12, 9184370, 4.11943E-12, 9144380, 4.11471E-12, 9088070, 4.10445E-12, 9112680, 4.08848E-12, 9091520, 4.06814E-12, 9026580, 4.05147E-12, 9013900, 4.03115E-12, 9006140, 4.03574E-12, 8959010, 4.0242E-12, 8980920, 4.00834E-12, 8961570, 4.01025E-12, 8932050, 4.00404E-12, 8953650, 3.99396E-12, 8923490, 3.98348E-12, 8902770, 3.98792E-12, 8912650, 3.98501E-12, 8889390, 3.97653E-12, 8866100, 3.97492E-12, 8884000, 3.96939E-12, 8872010, 3.96236E-12, 8871450, 3.96001E-12, 8846830, 3.95886E-12, 8829490, 3.94873E-12, 8836070, 3.95423E-12, 8822960, 3.95426E-12, 8811200, 3.94594E-12, 8810630, 3.9499E-12, 8782900, 3.95247E-12, 8779300, 3.95359E-12, 8674000, 3.95209E-12, 8840550, 3.94464E-12, 8638150, 3.94443E-12, 8663240, 3.94094E-12, 8702970, 3.94154E-12, 8596700, 3.93944E-12, 8573160, 3.93552E-12, 8595700, 3.93973E-12, 8531550, 3.93259E-12, 8459850, 3.93925E-12, 8390860, 3.93001E-12, 8416190, 3.93243E-12, 8275890, 3.92793E-12, 8278290, 3.92575E-12, 8299620, 3.92538E-12, 8250680, 3.92075E-12, 8151220, 3.92229E-12, 8130870, 3.91857E-12, 8065200, 3.91787E-12, 8089450, 3.91657E-12, 8015260, 3.91121E-12, 7925400, 3.91149E-12, 7964170, 3.91087E-12, 7861960, 3.90795E-12, 7831490, 3.90663E-12, 7774190, 3.9066E-12, 7710700, 3.90325E-12, 7679970, 3.9027E-12, 7562970, 3.90416E-12, 7507620, 3.89986E-12, 7539940, 3.90033E-12, 7445580, 3.89664E-12, 7354020, 3.89428E-12, 7236010, 3.89341E-12, 7269630, 3.89259E-12, 7160250, 3.88955E-12, 7125370, 3.89078E-12, 7051760, 3.88926E-12, 6981720, 3.8876E-12, 6904800, 3.88588E-12, 6795600, 3.88586E-12, 6778180, 3.88249E-12, 6630340, 3.88238E-12, 6573830, 3.8806E-12, 6507490, 3.8792E-12, 6434310, 3.87854E-12, 6315090, 3.8768E-12, 6238790, 3.87467E-12, 6147670, 3.87284E-12, 6045270, 3.8717E-12, 5927960, 3.87116E-12, 5906540, 3.87008E-12, 5809990, 3.86793E-12, 5741590, 3.86861E-12, 5635980, 3.86526E-12, 5558660, 3.86474E-12, 5521030, 3.86191E-12, 5443830, 3.86088E-12, 5385200, 3.85954E-12, 5367870, 3.85822E-12, 5361220, 3.85768E-12, 5404390, 3.85758E-12, 5446220, 3.85698E-12, 5379140, 3.85806E-12, 5398360, 3.85814E-12, 5225430, 3.85813E-12, 5098450, 3.85787E-12, 4885160, 3.85689E-12, 4793280, 3.85655E-12, 4529630, 3.8538E-12, 4368630, 3.85324E-12, 4212820, 3.8521E-12, 4117130, 3.85011E-12, 3888130, 3.84833E-12, 3728650, 3.84593E-12, 3576660, 3.84564E-12, 3539540
1781609143568, d:5-6, 3.52568E-12, 10070700, 3.67801E-12, 9908430, 3.3432E-12, 9999990, 3.60907E-12, 9862420, 3.71509E-12, 10129800, 3.83205E-12, 10059700, 3.94466E-12, 9977230, 3.82861E-12, 10418200, 3.98286E-12, 9980750, 4.0132E-12, 9941770, 4.20744E-12, 10293700, 4.19861E-12, 10030300, 4.11349E-12, 10057500, 4.02117E-12, 10224800, 4.18045E-12, 9981100, 4.20053E-12, 9930810, 4.26203E-12, 9843570, 4.22285E-12, 9842940, 4.25191E-12, 9784420, 4.26133E-12, 9768880, 4.26392E-12, 9786550, 4.24865E-12, 9679240, 4.24088E-12, 9634830, 4.22388E-12, 9565770, 4.20279E-12, 9601490, 4.21059E-12, 9562640, 4.18769E-12, 9501590, 4.17374E-12, 9448390, 4.16259E-12, 9425160, 4.15105E-12, 9398400, 4.15712E-12, 9273600, 4.13371E-12, 9330770, 4.10737E-12, 9290140, 4.09324E-12, 9263250, 4.08412E-12, 9212720, 4.0497E-12, 9262760, 4.06397E-12, 9208730, 4.04914E-12, 9188450, 4.03919E-12, 9141320, 4.04063E-12, 9094880, 4.02857E-12, 9151380, 4.0275E-12, 9105220, 4.01028E-12, 9060320, 4.0119E-12, 9121290, 4.00115E-12, 9096040, 3.99982E-12, 9107050, 3.99397E-12, 9070640, 3.99013E-12, 9046730, 3.99158E-12, 9063080, 3.98189E-12, 9048910, 3.98233E-12, 9048950, 3.97907E-12, 9017860, 3.97311E-12, 9060660, 3.9657E-12, 9049930, 3.96214E-12, 8779480, 3.9645E-12, 9041330, 3.96365E-12, 8919920, 3.96556E-12, 8933690, 3.96504E-12, 8926840, 3.96032E-12, 8892210, 3.94881E-12, 8851930, 3.96031E-12, 8873300, 3.95555E-12, 8770680, 3.9612E-12, 8722340, 3.95243E-12, 8781630, 3.95276E-12, 8760020, 3.95074E-12, 8669680, 3.94808E-12, 8663480, 3.95157E-12, 8653970, 3.95021E-12, 8369410, 3.94445E-12, 8566760, 3.94277E-12, 8494950, 3.94014E-12, 8589860, 3.93707E-12, 8358940, 3.94111E-12, 8567080, 3.93543E-12, 8370000, 3.93541E-12, 8351580, 3.9347E-12, 8279090, 3.93209E-12, 8200960, 3.9313E-12, 8126630, 3.9302E-12, 8116330, 3.92872E-12, 8022150, 3.91957E-12, 7990380, 3.92377E-12, 7997480, 3.92327E-12, 7905590, 3.92342E-12, 7838110, 3.9181E-12, 7844620, 3.91842E-12, 7807010, 3.91707E-12, 7700110, 3.91672E-12, 7604220, 3.91393E-12, 7590780, 3.91045E-12, 7536380, 3.9085E-12, 7466290, 3.9096E-12, 7390740, 3.90847E-12, 7349910, 3.90806E-12, 7201130, 3.9024E-12, 7122420, 3.90305E-12, 7201610, 3.90272E-12, 6967900, 3.90185E-12, 6935970, 3.90119E-12, 6890960, 3.89917E-12, 6688880, 3.90031E-12, 6718170, 3.89656E-12, 6574960, 3.89478E-12, 6469050, 3.89341E-12, 6407600, 3.89279E-12, 6342550, 3.89034E-12, 6253470, 3.88996E-12, 6118010, 3.8886E-12, 6078320, 3.887E-12, 5906950, 3.88575E-12, 5916150, 3.88417E-12, 5821510, 3.8821E-12, 5670160, 3.88287E-12, 5619260, 3.87981E-12, 5559970, 3.87828E-12, 5491950, 3.87754E-12, 5410560, 3.87705E-12, 5365400, 3.87525E-12, 5409340, 3.87374E-12, 5431410, 3.87427E-12, 5473180, 3.8733E-12, 5440320, 3.87328E-12, 5190180, 3.87357E-12, 5091780, 3.87362E-12, 4929560, 3.87257E-12, 4703300, 3.8716E-12, 4635740, 3.87075E-12, 4434270, 3.86905E-12, 4384950, 3.86574E-12, 4092650, 3.86641E-12, 3994940, 3.86447E-12, 3790280, 3.86183E-12, 3766600, 3.86021E-12, 3425380, 3.85596E-12, 3366600
1781609149828, d:6-7, 3.50693E-12, 10136100, 3.8926E-12, 10275600, 3.85992E-12, 9926680, 3.79501E-12, 10004300, 3.82281E-12, 10155100, 3.79518E-12, 10009800, 3.97019E-12, 10630300, 4.059E-12, 10104000, 4.46402E-12, 9987800, 4.20148E-12, 10028400, 4.218E-12, 10059400, 3.98768E-12, 9898470, 4.30306E-12, 10052700, 4.29974E-12, 10006400, 4.30838E-12, 9963570, 4.34884E-12, 9958380, 4.39481E-12, 9918060, 4.39124E-12, 9876170, 4.36318E-12, 9839590, 4.41955E-12, 9786730, 4.37938E-12, 9753800, 4.34344E-12, 9724970, 4.32444E-12, 9635760, 4.33025E-12, 9599230, 4.34011E-12, 9570570, 4.30955E-12, 9557720, 4.30343E-12, 9433570, 4.2917E-12, 9434150, 4.2621E-12, 9378210, 4.23857E-12, 9239090, 4.23881E-12, 9318720, 4.21198E-12, 9297200, 4.20737E-12, 9186410, 4.19386E-12, 9221060, 4.18066E-12, 9190010, 4.16131E-12, 9161050, 4.15136E-12, 9144880, 4.14358E-12, 9154960, 4.12557E-12, 9127360, 4.10435E-12, 9085060, 4.11085E-12, 9084760, 4.12357E-12, 9103310, 4.09761E-12, 9044270, 4.09167E-12, 9050130, 4.08122E-12, 9025440, 4.07235E-12, 9001740, 4.07503E-12, 9006980, 4.06716E-12, 8999690, 4.0626E-12, 8982310, 4.05723E-12, 8985880, 4.05302E-12, 8984180, 4.05713E-12, 8974220, 4.04858E-12, 8959160, 4.03727E-12, 9017500, 4.03254E-12, 9041870, 4.04371E-12, 8958560, 4.04104E-12, 8894710, 4.03866E-12, 8902540, 4.03902E-12, 8873450, 4.0338E-12, 8899010, 4.03361E-12, 8784390, 4.0352E-12, 8839010, 4.03681E-12, 8699500, 4.03198E-12, 8748800, 4.02967E-12, 8722730, 4.02902E-12, 8707260, 4.02667E-12, 8611580, 4.03096E-12, 8792100, 4.02642E-12, 8523820, 4.02591E-12, 8558910, 4.01978E-12, 8504530, 4.01731E-12, 8479910, 4.04853E-12, 8593160, 4.02007E-12, 8306290, 4.01305E-12, 8345300, 4.01466E-12, 8305080, 4.01098E-12, 8137860, 4.01033E-12, 8145350, 4.00789E-12, 8165200, 4.00607E-12, 8025440, 4.00284E-12, 7976470, 4.00199E-12, 7919530, 4.00025E-12, 7980070, 3.99651E-12, 7823320, 3.99946E-12, 7771910, 3.99578E-12, 7651580, 3.99318E-12, 7606080, 3.99307E-12, 7537550, 3.98945E-12, 7491090, 3.98995E-12, 7336850, 3.98804E-12, 7313100, 3.98535E-12, 7244710, 3.98379E-12, 7135880, 3.98072E-12, 7024120, 3.98105E-12, 6952860, 3.97795E-12, 6883280, 3.97751E-12, 6782370, 3.97453E-12, 6719080, 3.97384E-12, 6631160, 3.97266E-12, 6524000, 3.97032E-12, 6443960, 3.96836E-12, 6326480, 3.96758E-12, 6246180, 3.96554E-12, 6193880, 3.96385E-12, 6025680, 3.96193E-12, 5970720, 3.96047E-12, 5876730, 3.95868E-12, 5758420, 3.95679E-12, 5660920, 3.95453E-12, 5603520, 3.95374E-12, 5473020, 3.95189E-12, 5362010, 3.94992E-12, 5274980, 3.94744E-12, 5129060, 3.94658E-12, 5060500, 3.9439E-12, 5082740, 3.94311E-12, 4991150, 3.94154E-12, 4932100, 3.94026E-12, 4893920, 3.93938E-12, 4902890, 3.93809E-12, 4878960, 3.9393E-12, 4692650, 3.93849E-12, 4614590, 3.9388E-12, 4520300, 3.93817E-12, 4304710, 3.93747E-12, 4149650, 3.93524E-12, 3980770, 3.93429E-12, 3942980, 3.93208E-12, 3703530, 3.92974E-12, 3498140, 3.92795E-12, 3448730, 3.92687E-12, 3326660, 3.92506E-12, 3204660, 3.92224E-12, 3100540, 3.91968E-12, 2926830, 3.91589E-12, 2877430
1781609156073, d:7-8, 3.92902E-12, 9957770, 3.83968E-12, 10059100, 3.97913E-12, 9882220, 3.9562E-12, 9889230, 4.0746E-12, 10245300, 4.22429E-12, 10062900, 4.28673E-12, 9979850, 4.34398E-12, 10066700, 4.30952E-12, 10010500, 4.33426E-12, 10067200, 4.479E-12, 10023900, 4.44044E-12, 9975980, 4.45782E-12, 10009000, 4.47504E-12, 9997540, 4.54333E-12, 9947400, 4.48378E-12, 9815730, 4.48598E-12, 9917180, 4.57885E-12, 9753390, 4.52116E-12, 9745250, 4.51482E-12, 9696370, 4.49252E-12, 9662200, 4.46998E-12, 9622620, 4.48216E-12, 9565500, 4.47695E-12, 9521110, 4.45869E-12, 9454970, 4.44027E-12, 9374300, 4.41599E-12, 9379490, 4.41725E-12, 9245380, 4.37925E-12, 9166320, 4.35276E-12, 9217430, 4.35104E-12, 9176640, 4.31548E-12, 9125660, 4.30174E-12, 9079460, 4.30137E-12, 9074680, 4.26744E-12, 9015910, 4.26389E-12, 8958420, 4.24322E-12, 8947750, 4.2334E-12, 8904180, 4.21745E-12, 8876340, 4.21026E-12, 8853620, 4.19239E-12, 8843670, 4.17812E-12, 8840720, 4.17469E-12, 8792560, 4.16594E-12, 8746230, 4.15543E-12, 8746740, 4.14699E-12, 8717950, 4.13678E-12, 8693330, 4.12825E-12, 8660370, 4.12479E-12, 8648750, 4.11953E-12, 8627150, 4.11212E-12, 8609440, 4.10175E-12, 8586220, 4.10312E-12, 8532300, 4.09808E-12, 8501920, 4.1009E-12, 8552180, 4.09284E-12, 8430700, 4.08771E-12, 8408830, 4.08403E-12, 8389850, 4.08145E-12, 8378970, 4.07129E-12, 8307220, 4.0683E-12, 8340930, 4.06568E-12, 8238300, 4.05893E-12, 8200460, 4.06168E-12, 8240630, 4.05733E-12, 8134810, 4.05624E-12, 8064460, 4.05232E-12, 8034710, 4.05394E-12, 7972850, 4.0438E-12, 7908350, 4.0414E-12, 7902930, 4.03916E-12, 7825690, 4.03635E-12, 7794480, 4.03838E-12, 7654420, 4.03007E-12, 7672540, 4.03224E-12, 7645080, 4.02233E-12, 7591600, 4.01927E-12, 7469220, 4.0186E-12, 7379510, 4.01396E-12, 7324470, 4.00955E-12, 7209420, 4.01173E-12, 7197920, 4.00688E-12, 7183680, 3.99984E-12, 7157480, 4.00272E-12, 7046720, 3.99893E-12, 6953060, 3.99908E-12, 6885880, 3.99644E-12, 6842950, 3.99116E-12, 6773970, 3.98795E-12, 6647140, 3.98743E-12, 6695970, 3.98702E-12, 6482560, 3.98294E-12, 6445410, 3.97941E-12, 6341210, 3.97782E-12, 6286900, 3.97491E-12, 6179620, 3.9735E-12, 6076850, 3.97128E-12, 6072900, 3.96848E-12, 5953350, 3.96715E-12, 5865270, 3.96368E-12, 5778120, 3.96147E-12, 5697000, 3.95911E-12, 5582660, 3.95807E-12, 5582360, 3.95537E-12, 5389120, 3.95313E-12, 5321070, 3.95173E-12, 5244950, 3.94893E-12, 5172450, 3.94749E-12, 5037380, 3.94461E-12, 4985600, 3.94394E-12, 4841050, 3.94123E-12, 4801010, 3.93862E-12, 4704020, 3.93623E-12, 4614680, 3.93519E-12, 4504080, 3.93214E-12, 4428300, 3.93008E-12, 4393100, 3.92792E-12, 4290690, 3.92726E-12, 4276710, 3.92482E-12, 4194670, 3.92287E-12, 4165970, 3.92164E-12, 4128660, 3.92019E-12, 4108910, 3.9197E-12, 4007360, 3.91989E-12, 3947890, 3.91973E-12, 3852790, 3.91869E-12, 3697320, 3.91748E-12, 3576330, 3.91537E-12, 3405690, 3.91431E-12, 3339800, 3.91292E-12, 3221160, 3.91005E-12, 3038920, 3.90781E-12, 3006080, 3.9061E-12, 2865150, 3.90424E-12, 2754900, 3.90115E-12, 2666570, 3.89802E-12, 2494570
1781609162319, d:8-9, 3.6945E-12, 10034800, 3.8339E-12, 10204400, 3.84707E-12, 10196000, 4.18749E-12, 10313800, 3.98406E-12, 10365800, 3.98693E-12, 10268100, 3.82854E-12, 10207500, 4.05616E-12, 10333600, 4.00942E-12, 10224000, 4.3483E-12, 9853320, 4.23911E-12, 10246300, 4.27234E-12, 10166400, 4.38282E-12, 10263000, 4.33055E-12, 10206600, 4.32913E-12, 10109100, 4.3475E-12, 10022500, 4.24081E-12, 10032300, 4.33622E-12, 10018900, 4.39258E-12, 9899530, 4.36435E-12, 10077200, 4.36296E-12, 9857160, 4.35808E-12, 9784910, 4.34353E-12, 9701970, 4.33739E-12, 9636460, 4.31187E-12, 9583140, 4.30883E-12, 9555360, 4.28398E-12, 9522060, 4.26576E-12, 9456350, 4.25859E-12, 9401990, 4.23248E-12, 9344960, 4.21072E-12, 9317330, 4.19007E-12, 9256090, 4.16422E-12, 9174400, 4.15918E-12, 9140380, 4.15041E-12, 9164100, 4.1332E-12, 9097460, 4.11914E-12, 9066410, 4.10248E-12, 9042620, 4.08724E-12, 8971540, 4.07806E-12, 8981370, 4.06298E-12, 8944500, 4.06238E-12, 8927310, 4.04461E-12, 8891800, 4.03601E-12, 8862760, 4.02906E-12, 8849570, 4.02042E-12, 8817170, 4.01027E-12, 8802160, 4.00572E-12, 8763370, 3.99494E-12, 8725510, 3.98803E-12, 8714140, 3.97917E-12, 8706450, 3.97641E-12, 8622530, 3.9691E-12, 8665990, 3.96572E-12, 8612630, 3.95293E-12, 8719590, 3.96134E-12, 8533920, 3.95447E-12, 8512750, 3.94887E-12, 8475970, 3.94736E-12, 8462420, 3.94189E-12, 8383340, 3.94355E-12, 8516480, 3.93913E-12, 8285120, 3.93281E-12, 8285970, 3.9302E-12, 8286930, 3.92468E-12, 8151590, 3.92203E-12, 8200680, 3.91749E-12, 8147220, 3.91552E-12, 8090560, 3.91106E-12, 8077210, 3.90825E-12, 7983740, 3.86803E-12, 7551540, 3.89818E-12, 7902860, 3.90162E-12, 7886530, 3.90078E-12, 7759100, 3.89559E-12, 7737570, 3.89228E-12, 7696700, 3.88883E-12, 7691900, 3.8853E-12, 7594620, 3.88239E-12, 7507590, 3.87738E-12, 7338740, 3.87793E-12, 7373260, 3.87366E-12, 7335890, 3.87785E-12, 7170310, 3.86658E-12, 7257270, 3.86783E-12, 7224180, 3.86428E-12, 7104500, 3.86219E-12, 7037590, 3.85863E-12, 6976990, 3.85541E-12, 6905790, 3.85583E-12, 6887020, 3.85498E-12, 6753860, 3.85236E-12, 6720220, 3.84879E-12, 6635430, 3.84663E-12, 6577140, 3.84301E-12, 6494880, 3.84148E-12, 6325880, 3.83984E-12, 6345960, 3.83949E-12, 6233620, 3.83768E-12, 6161710, 3.83556E-12, 6112300, 3.83475E-12, 5997180, 3.83189E-12, 5918500, 3.82884E-12, 5910120, 3.82968E-12, 5777870, 3.82645E-12, 5795750, 3.8258E-12, 5623940, 3.82355E-12, 5521940, 3.82088E-12, 5447330, 3.82017E-12, 5345540, 3.81874E-12, 5314000, 3.81647E-12, 5186440, 3.81509E-12, 5124880, 3.81278E-12, 4965030, 3.81086E-12, 5024050, 3.81068E-12, 4861840, 3.8084E-12, 4805250, 3.80724E-12, 4731150, 3.80468E-12, 4654790, 3.80205E-12, 4582950, 3.80034E-12, 4524020, 3.79836E-12, 4504640, 3.79875E-12, 4447030, 3.79596E-12, 4543980, 3.79587E-12, 4519830, 3.79615E-12, 4477050, 3.79615E-12, 4438800, 3.79604E-12, 4319470, 3.79584E-12, 4185070, 3.79406E-12, 4064910, 3.79397E-12, 3911770, 3.79329E-12, 3732200, 3.79156E-12, 3505920, 3.78866E-12, 3457970, 3.78644E-12, 3317040, 3.78427E-12, 3160880, 3.78142E-12, 3079350
1781609168544, d:9-10, 3.56257E-12, 10135500, 3.39071E-12, 10082000, 3.20745E-12, 10219800, 3.72796E-12, 10255300, 3.86931E-12, 10270600, 3.87389E-12, 10159000, 3.86836E-12, 10143900, 3.96557E-12, 10084300, 3.9549E-12, 10290500, 3.97023E-12, 10023100, 3.9884E-12, 10145000, 4.07399E-12, 10245900, 4.09596E-12, 10152100, 4.15039E-12, 10133800, 4.09113E-12, 10004600, 4.15156E-12, 10052500, 4.14531E-12, 10012500, 4.21173E-12, 9983730, 4.25081E-12, 9911230, 4.14752E-12, 10074000, 4.1878E-12, 9830720, 4.17553E-12, 9820780, 4.15286E-12, 9764430, 4.16653E-12, 9654220, 4.12913E-12, 9640500, 4.09872E-12, 9651950, 4.09479E-12, 9550910, 4.08031E-12, 9489770, 4.05983E-12, 9379250, 4.0583E-12, 9396500, 4.02668E-12, 9393280, 4.01977E-12, 9295290, 4.00513E-12, 9266220, 3.98379E-12, 9227620, 3.95627E-12, 9194490, 3.95234E-12, 9168260, 3.93891E-12, 9121960, 3.91449E-12, 9063280, 3.91682E-12, 9064830, 3.89215E-12, 9059570, 3.87525E-12, 9002960, 3.87339E-12, 8971870, 3.86548E-12, 8934080, 3.85771E-12, 8937360, 3.84103E-12, 8918770, 3.83698E-12, 8890440, 3.82466E-12, 8843320, 3.8237E-12, 8866410, 3.81589E-12, 8844450, 3.80397E-12, 8784300, 3.79446E-12, 8738280, 3.79551E-12, 8720950, 3.79334E-12, 8707810, 3.78307E-12, 8749420, 3.80056E-12, 8692890, 3.76976E-12, 8639940, 3.77028E-12, 8593260, 3.77578E-12, 8569470, 3.77155E-12, 8557230, 3.77105E-12, 8531510, 3.76432E-12, 8575490, 3.75712E-12, 8454350, 3.75489E-12, 8411410, 3.75606E-12, 8396400, 3.74957E-12, 8311630, 3.74498E-12, 8288720, 3.74321E-12, 8257380, 3.74336E-12, 8167950, 3.73861E-12, 8166830, 3.73926E-12, 8183950, 3.73045E-12, 8051750, 3.72855E-12, 8078500, 3.71925E-12, 7934930, 3.72218E-12, 7925330, 3.71729E-12, 7816460, 3.71806E-12, 7853680, 3.71856E-12, 7811670, 3.71201E-12, 7686870, 3.70991E-12, 7680410, 3.70959E-12, 7602900, 3.70482E-12, 7578040, 3.70203E-12, 7528580, 3.70245E-12, 7413940, 3.70564E-12, 7458720, 3.6936E-12, 7345040, 3.69418E-12, 7253950, 3.69356E-12, 7306700, 3.6885E-12, 7163660, 3.68789E-12, 7105490, 3.68363E-12, 6979830, 3.684E-12, 7008390, 3.6836E-12, 6941020, 3.68281E-12, 6894030, 3.67845E-12, 6780780, 3.67651E-12, 6724310, 3.67452E-12, 6658980, 3.67298E-12, 6704810, 3.67313E-12, 6519790, 3.67048E-12, 6513430, 3.66804E-12, 6411190, 3.66612E-12, 6341910, 3.66496E-12, 6243650, 3.66396E-12, 6175170, 3.66178E-12, 6154970, 3.6612E-12, 6100150, 3.65825E-12, 6029020, 3.65814E-12, 5885610, 3.65667E-12, 5814250, 3.65565E-12, 5721280, 3.65303E-12, 5733280, 3.65147E-12, 5574590, 3.65056E-12, 5480400, 3.64972E-12, 5405150, 3.64731E-12, 5260500, 3.64562E-12, 5262770, 3.64502E-12, 5147130, 3.64358E-12, 5098660, 3.641E-12, 5035300, 3.63991E-12, 4968380, 3.638E-12, 4968660, 3.63556E-12, 4945260, 3.63481E-12, 4959040, 3.63329E-12, 4906270, 3.63174E-12, 4977620, 3.63163E-12, 5037380, 3.63271E-12, 5081310, 3.63225E-12, 5112000, 3.6322E-12, 5022870, 3.63311E-12, 4899330, 3.63239E-12, 4826090, 3.63353E-12, 4497050, 3.6323E-12, 4290490, 3.63131E-12, 4147830, 3.62856E-12, 3929460, 3.6265E-12, 3738510, 3.62292E-12, 3306750
1781609174766, d:10-1, 3.40139E-12, 9907650, 3.7166E-12, 9696100, 3.85452E-12, 9702170, 3.77804E-12, 9711390, 3.93271E-12, 9777650, 3.95183E-12, 9724780, 3.9463E-12, 9809280, 3.98625E-12, 9752010, 4.00065E-12, 9786450, 4.0703E-12, 9732870, 3.94534E-12, 9747010, 4.02183E-12, 9749490, 4.02136E-12, 9739130, 3.9956E-12, 9675870, 4.15463E-12, 9681390, 4.01021E-12, 9599330, 3.98946E-12, 9547790, 4.04162E-12, 9601120, 4.01106E-12, 9497580, 4.02334E-12, 9424020, 3.9146E-12, 9339120, 3.99464E-12, 9319170, 3.97462E-12, 9307330, 3.94208E-12, 9246500, 3.91749E-12, 9221180, 3.90004E-12, 9182640, 3.85695E-12, 9120530, 3.8444E-12, 9079590, 3.84981E-12, 9060360, 3.81304E-12, 8987590, 3.80234E-12, 8970850, 3.76055E-12, 8935080, 3.75724E-12, 8891440, 3.73945E-12, 8855820, 3.71774E-12, 8854870, 3.72117E-12, 8795470, 3.688E-12, 8783180, 3.67157E-12, 8776530, 3.65618E-12, 8774060, 3.64669E-12, 8789670, 3.63384E-12, 8736270, 3.62139E-12, 8742290, 3.61737E-12, 8720200, 3.61318E-12, 8699800, 3.59715E-12, 8646280, 3.59884E-12, 8702410, 3.58927E-12, 8659840, 3.58638E-12, 8657540, 3.58223E-12, 8648070, 3.57337E-12, 8651170, 3.56989E-12, 8605580, 3.57262E-12, 8549570, 3.56885E-12, 8561400, 3.56323E-12, 8551830, 3.57543E-12, 8470230, 3.55638E-12, 8501190, 3.55381E-12, 8521520, 3.55324E-12, 8473810, 3.55144E-12, 8450670, 3.54169E-12, 8485620, 3.53311E-12, 8280120, 3.53691E-12, 8359780, 3.54234E-12, 8305500, 3.54203E-12, 8317720, 3.53044E-12, 8186110, 3.52975E-12, 8193170, 3.53399E-12, 8174640, 3.52525E-12, 8149580, 3.52425E-12, 8117920, 3.52144E-12, 8056590, 3.52096E-12, 8027130, 3.59232E-12, 7806410, 3.51427E-12, 7935640, 3.51258E-12, 8005720, 3.51213E-12, 7851860, 3.50888E-12, 7766310, 3.50804E-12, 7673290, 3.50113E-12, 7728700, 3.50289E-12, 7588830, 3.49975E-12, 7640430, 3.4967E-12, 7560240, 3.49383E-12, 7544820, 3.49097E-12, 7373660, 3.48874E-12, 7533880, 3.48799E-12, 7372140, 3.48647E-12, 7331130, 3.48336E-12, 7274280, 3.48171E-12, 7232850, 3.47958E-12, 7191620, 3.47261E-12, 7178070, 3.47652E-12, 7140420, 3.47573E-12, 7048630, 3.47539E-12, 6955090, 3.47213E-12, 6887460, 3.47252E-12, 6827060, 3.47006E-12, 6774770, 3.4702E-12, 6726270, 3.46647E-12, 6691400, 3.4656E-12, 6581930, 3.46393E-12, 6542190, 3.4621E-12, 6437480, 3.4609E-12, 6400000, 3.4597E-12, 6313350, 3.45786E-12, 6313740, 3.45682E-12, 6229980, 3.45565E-12, 6122840, 3.45458E-12, 6055010, 3.45317E-12, 6029240, 3.45175E-12, 5933710, 3.45008E-12, 5842370, 3.44917E-12, 5809860, 3.44796E-12, 5694370, 3.44688E-12, 5578510, 3.44416E-12, 5511300, 3.44356E-12, 5472390, 3.4432E-12, 5449520, 3.44091E-12, 5383590, 3.43947E-12, 5323800, 3.43717E-12, 5252310, 3.4354E-12, 5217100, 3.43354E-12, 5190970, 3.43187E-12, 5289140, 3.43067E-12, 5319360, 3.42942E-12, 5346310, 3.42848E-12, 5570470, 3.42845E-12, 5768870, 3.42918E-12, 6003610, 3.43133E-12, 6141260, 3.43287E-12, 6235050, 3.43432E-12, 6086640, 3.43427E-12, 5637900, 3.43608E-12, 5328310, 3.43502E-12, 4996410, 3.43411E-12, 4667270, 3.43151E-12, 4382910, 3.42865E-12, 4278900
